
C:/Users/Lacliv/Documents/embarcatech/PWM/build/PWM.elf:     file format elf32-littlearm

Sections:
Idx Name          Size      VMA       LMA       File off  Algn
  0 .boot2        00000100  10000000  10000000  00001000  2**0
                  CONTENTS, ALLOC, LOAD, READONLY, CODE
  1 .text         00002350  10000100  10000100  00001100  2**3
                  CONTENTS, ALLOC, LOAD, READONLY, CODE
  2 .rodata       00000110  10002450  10002450  00003450  2**2
                  CONTENTS, ALLOC, LOAD, READONLY, DATA
  3 .binary_info  00000028  10002560  10002560  00003560  2**2
                  CONTENTS, ALLOC, LOAD, READONLY, DATA
  4 .ram_vector_table 000000c0  20000000  20000000  00005000  2**2
                  ALLOC
  5 .data         000001a4  200000c0  10002588  000040c0  2**4
                  CONTENTS, ALLOC, LOAD, READONLY, CODE
  6 .uninitialized_data 00000000  20000264  20000264  00004264  2**0
                  CONTENTS
  7 .scratch_x    00000000  20040000  20040000  00004264  2**0
                  CONTENTS
  8 .scratch_y    00000000  20041000  20041000  00004264  2**0
                  CONTENTS
  9 .bss          000003d8  20000268  20000268  00005000  2**3
                  ALLOC
 10 .heap         00000800  20000640  20000640  00004264  2**2
                  CONTENTS, READONLY
 11 .stack_dummy  00000800  20041000  20041000  00004a80  2**5
                  CONTENTS, READONLY
 12 .ARM.attributes 00000028  00000000  00000000  00005280  2**0
                  CONTENTS, READONLY
 13 .comment      00000044  00000000  00000000  000052a8  2**0
                  CONTENTS, READONLY
 14 .debug_line_str 000000c9  00000000  00000000  000052ec  2**0
                  CONTENTS, READONLY, DEBUGGING, OCTETS
 15 .debug_frame  00000028  00000000  00000000  000053b8  2**2
                  CONTENTS, READONLY, DEBUGGING, OCTETS

C:/Users/Lacliv/Documents/embarcatech/PWM/build/PWM.elf:     file format elf32-littlearm


Disassembly of section .boot2:

10000000 <__boot2_start__>:
10000000:	4b32b500 	.word	0x4b32b500
10000004:	60582021 	.word	0x60582021
10000008:	21026898 	.word	0x21026898
1000000c:	60984388 	.word	0x60984388
10000010:	611860d8 	.word	0x611860d8
10000014:	4b2e6158 	.word	0x4b2e6158
10000018:	60992100 	.word	0x60992100
1000001c:	61592102 	.word	0x61592102
10000020:	22f02101 	.word	0x22f02101
10000024:	492b5099 	.word	0x492b5099
10000028:	21016019 	.word	0x21016019
1000002c:	20356099 	.word	0x20356099
10000030:	f844f000 	.word	0xf844f000
10000034:	42902202 	.word	0x42902202
10000038:	2106d014 	.word	0x2106d014
1000003c:	f0006619 	.word	0xf0006619
10000040:	6e19f834 	.word	0x6e19f834
10000044:	66192101 	.word	0x66192101
10000048:	66182000 	.word	0x66182000
1000004c:	f000661a 	.word	0xf000661a
10000050:	6e19f82c 	.word	0x6e19f82c
10000054:	6e196e19 	.word	0x6e196e19
10000058:	f0002005 	.word	0xf0002005
1000005c:	2101f82f 	.word	0x2101f82f
10000060:	d1f94208 	.word	0xd1f94208
10000064:	60992100 	.word	0x60992100
10000068:	6019491b 	.word	0x6019491b
1000006c:	60592100 	.word	0x60592100
10000070:	481b491a 	.word	0x481b491a
10000074:	21016001 	.word	0x21016001
10000078:	21eb6099 	.word	0x21eb6099
1000007c:	21a06619 	.word	0x21a06619
10000080:	f0006619 	.word	0xf0006619
10000084:	2100f812 	.word	0x2100f812
10000088:	49166099 	.word	0x49166099
1000008c:	60014814 	.word	0x60014814
10000090:	60992101 	.word	0x60992101
10000094:	2800bc01 	.word	0x2800bc01
10000098:	4700d000 	.word	0x4700d000
1000009c:	49134812 	.word	0x49134812
100000a0:	c8036008 	.word	0xc8036008
100000a4:	8808f380 	.word	0x8808f380
100000a8:	b5034708 	.word	0xb5034708
100000ac:	20046a99 	.word	0x20046a99
100000b0:	d0fb4201 	.word	0xd0fb4201
100000b4:	42012001 	.word	0x42012001
100000b8:	bd03d1f8 	.word	0xbd03d1f8
100000bc:	6618b502 	.word	0x6618b502
100000c0:	f7ff6618 	.word	0xf7ff6618
100000c4:	6e18fff2 	.word	0x6e18fff2
100000c8:	bd026e18 	.word	0xbd026e18
100000cc:	40020000 	.word	0x40020000
100000d0:	18000000 	.word	0x18000000
100000d4:	00070000 	.word	0x00070000
100000d8:	005f0300 	.word	0x005f0300
100000dc:	00002221 	.word	0x00002221
100000e0:	180000f4 	.word	0x180000f4
100000e4:	a0002022 	.word	0xa0002022
100000e8:	10000100 	.word	0x10000100
100000ec:	e000ed08 	.word	0xe000ed08
	...
100000fc:	7a4eb274 	.word	0x7a4eb274

Disassembly of section .text:

10000100 <__VECTOR_TABLE>:
10000100:	20042000 	.word	0x20042000
10000104:	100001f7 	.word	0x100001f7
10000108:	100001c3 	.word	0x100001c3
1000010c:	100001c5 	.word	0x100001c5
10000110:	100001c1 	.word	0x100001c1
10000114:	100001c1 	.word	0x100001c1
10000118:	100001c1 	.word	0x100001c1
1000011c:	100001c1 	.word	0x100001c1
10000120:	100001c1 	.word	0x100001c1
10000124:	100001c1 	.word	0x100001c1
10000128:	100001c1 	.word	0x100001c1
1000012c:	100001c7 	.word	0x100001c7
10000130:	100001c1 	.word	0x100001c1
10000134:	100001c1 	.word	0x100001c1
10000138:	100001c9 	.word	0x100001c9
1000013c:	100001cb 	.word	0x100001cb
10000140:	100001cd 	.word	0x100001cd
10000144:	100001cd 	.word	0x100001cd
10000148:	100001cd 	.word	0x100001cd
1000014c:	100001cd 	.word	0x100001cd
10000150:	100001cd 	.word	0x100001cd
10000154:	100001cd 	.word	0x100001cd
10000158:	100001cd 	.word	0x100001cd
1000015c:	100001cd 	.word	0x100001cd
10000160:	100001cd 	.word	0x100001cd
10000164:	100001cd 	.word	0x100001cd
10000168:	100001cd 	.word	0x100001cd
1000016c:	100001cd 	.word	0x100001cd
10000170:	100001cd 	.word	0x100001cd
10000174:	100001cd 	.word	0x100001cd
10000178:	100001cd 	.word	0x100001cd
1000017c:	100001cd 	.word	0x100001cd
10000180:	100001cd 	.word	0x100001cd
10000184:	100001cd 	.word	0x100001cd
10000188:	100001cd 	.word	0x100001cd
1000018c:	100001cd 	.word	0x100001cd
10000190:	100001cd 	.word	0x100001cd
10000194:	100001cd 	.word	0x100001cd
10000198:	100001cd 	.word	0x100001cd
1000019c:	100001cd 	.word	0x100001cd
100001a0:	100001cd 	.word	0x100001cd
100001a4:	100001cd 	.word	0x100001cd
100001a8:	100001cd 	.word	0x100001cd
100001ac:	100001cd 	.word	0x100001cd
100001b0:	100001cd 	.word	0x100001cd
100001b4:	100001cd 	.word	0x100001cd
100001b8:	100001cd 	.word	0x100001cd
100001bc:	100001cd 	.word	0x100001cd

100001c0 <isr_invalid>:
100001c0:	be00      	bkpt	0x0000

100001c2 <isr_nmi>:
100001c2:	be00      	bkpt	0x0000

100001c4 <isr_hardfault>:
100001c4:	be00      	bkpt	0x0000

100001c6 <isr_svcall>:
100001c6:	be00      	bkpt	0x0000

100001c8 <isr_pendsv>:
100001c8:	be00      	bkpt	0x0000

100001ca <isr_systick>:
100001ca:	be00      	bkpt	0x0000

100001cc <__unhandled_user_irq>:
100001cc:	f3ef 8005 	mrs	r0, IPSR
100001d0:	3810      	subs	r0, #16

100001d2 <unhandled_user_irq_num_in_r0>:
100001d2:	be00      	bkpt	0x0000

100001d4 <binary_info_header>:
100001d4:	7188ebf2 	.word	0x7188ebf2
100001d8:	10002560 	.word	0x10002560
100001dc:	10002588 	.word	0x10002588
100001e0:	10000234 	.word	0x10000234
100001e4:	e71aa390 	.word	0xe71aa390

100001e8 <_entry_point>:
100001e8:	2000      	movs	r0, #0
100001ea:	491f      	ldr	r1, [pc, #124]	@ (10000268 <hold_non_core0_in_bootrom+0xa>)
100001ec:	6008      	str	r0, [r1, #0]
100001ee:	c806      	ldmia	r0!, {r1, r2}
100001f0:	f381 8808 	msr	MSP, r1
100001f4:	4710      	bx	r2

100001f6 <_reset_handler>:
100001f6:	481d      	ldr	r0, [pc, #116]	@ (1000026c <hold_non_core0_in_bootrom+0xe>)
100001f8:	6800      	ldr	r0, [r0, #0]
100001fa:	2800      	cmp	r0, #0
100001fc:	d12f      	bne.n	1000025e <hold_non_core0_in_bootrom>
100001fe:	a40d      	add	r4, pc, #52	@ (adr r4, 10000234 <data_cpy_table>)
10000200:	cc0e      	ldmia	r4!, {r1, r2, r3}
10000202:	2900      	cmp	r1, #0
10000204:	d002      	beq.n	1000020c <_reset_handler+0x16>
10000206:	f000 f812 	bl	1000022e <data_cpy>
1000020a:	e7f9      	b.n	10000200 <_reset_handler+0xa>
1000020c:	4918      	ldr	r1, [pc, #96]	@ (10000270 <hold_non_core0_in_bootrom+0x12>)
1000020e:	4a19      	ldr	r2, [pc, #100]	@ (10000274 <hold_non_core0_in_bootrom+0x16>)
10000210:	2000      	movs	r0, #0
10000212:	e000      	b.n	10000216 <bss_fill_test>

10000214 <bss_fill_loop>:
10000214:	c101      	stmia	r1!, {r0}

10000216 <bss_fill_test>:
10000216:	4291      	cmp	r1, r2
10000218:	d1fc      	bne.n	10000214 <bss_fill_loop>

1000021a <platform_entry>:
1000021a:	4917      	ldr	r1, [pc, #92]	@ (10000278 <hold_non_core0_in_bootrom+0x1a>)
1000021c:	4788      	blx	r1
1000021e:	4917      	ldr	r1, [pc, #92]	@ (1000027c <hold_non_core0_in_bootrom+0x1e>)
10000220:	4788      	blx	r1
10000222:	4917      	ldr	r1, [pc, #92]	@ (10000280 <hold_non_core0_in_bootrom+0x22>)
10000224:	4788      	blx	r1
10000226:	be00      	bkpt	0x0000
10000228:	e7fd      	b.n	10000226 <platform_entry+0xc>

1000022a <data_cpy_loop>:
1000022a:	c901      	ldmia	r1!, {r0}
1000022c:	c201      	stmia	r2!, {r0}

1000022e <data_cpy>:
1000022e:	429a      	cmp	r2, r3
10000230:	d3fb      	bcc.n	1000022a <data_cpy_loop>
10000232:	4770      	bx	lr

10000234 <data_cpy_table>:
10000234:	10002588 	.word	0x10002588
10000238:	200000c0 	.word	0x200000c0
1000023c:	20000264 	.word	0x20000264
10000240:	1000272c 	.word	0x1000272c
10000244:	20040000 	.word	0x20040000
10000248:	20040000 	.word	0x20040000
1000024c:	1000272c 	.word	0x1000272c
10000250:	20041000 	.word	0x20041000
10000254:	20041000 	.word	0x20041000
10000258:	00000000 	.word	0x00000000
1000025c:	4770      	bx	lr

1000025e <hold_non_core0_in_bootrom>:
1000025e:	4809      	ldr	r0, [pc, #36]	@ (10000284 <hold_non_core0_in_bootrom+0x26>)
10000260:	f001 fd82 	bl	10001d68 <rom_func_lookup>
10000264:	4700      	bx	r0
10000266:	0000      	.short	0x0000
10000268:	e000ed08 	.word	0xe000ed08
1000026c:	d0000000 	.word	0xd0000000
10000270:	20000268 	.word	0x20000268
10000274:	20000640 	.word	0x20000640
10000278:	10001be1 	.word	0x10001be1
1000027c:	10000309 	.word	0x10000309
10000280:	10001cd5 	.word	0x10001cd5
10000284:	00005657 	.word	0x00005657

10000288 <__bi_50>:
10000288:	50520006 5360b3ab 100024cc              ..RP..`S.$..

10000294 <__bi_38>:
10000294:	50520006 02031c86 100024dc              ..RP.....$..

100002a0 <__bi_30>:
100002a0:	50520006 9da22254 100024e0              ..RPT"...$..

100002ac <__bi_22>:
100002ac:	50520005 68f465de 1000272c              ..RP.e.h,'..

100002b8 <_init>:
100002b8:	b5f8      	push	{r3, r4, r5, r6, r7, lr}
100002ba:	46c0      	nop			@ (mov r8, r8)

100002bc <register_tm_clones>:
100002bc:	4806      	ldr	r0, [pc, #24]	@ (100002d8 <register_tm_clones+0x1c>)
100002be:	4907      	ldr	r1, [pc, #28]	@ (100002dc <register_tm_clones+0x20>)
100002c0:	1a09      	subs	r1, r1, r0
100002c2:	108b      	asrs	r3, r1, #2
100002c4:	0fc9      	lsrs	r1, r1, #31
100002c6:	18c9      	adds	r1, r1, r3
100002c8:	b510      	push	{r4, lr}
100002ca:	1049      	asrs	r1, r1, #1
100002cc:	d003      	beq.n	100002d6 <register_tm_clones+0x1a>
100002ce:	4b04      	ldr	r3, [pc, #16]	@ (100002e0 <register_tm_clones+0x24>)
100002d0:	2b00      	cmp	r3, #0
100002d2:	d000      	beq.n	100002d6 <register_tm_clones+0x1a>
100002d4:	4798      	blx	r3
100002d6:	bd10      	pop	{r4, pc}
100002d8:	20000264 	.word	0x20000264
100002dc:	20000264 	.word	0x20000264
100002e0:	00000000 	.word	0x00000000

100002e4 <frame_dummy>:
100002e4:	4b05      	ldr	r3, [pc, #20]	@ (100002fc <frame_dummy+0x18>)
100002e6:	b510      	push	{r4, lr}
100002e8:	2b00      	cmp	r3, #0
100002ea:	d003      	beq.n	100002f4 <frame_dummy+0x10>
100002ec:	4904      	ldr	r1, [pc, #16]	@ (10000300 <frame_dummy+0x1c>)
100002ee:	4805      	ldr	r0, [pc, #20]	@ (10000304 <frame_dummy+0x20>)
100002f0:	e000      	b.n	100002f4 <frame_dummy+0x10>
100002f2:	bf00      	nop
100002f4:	f7ff ffe2 	bl	100002bc <register_tm_clones>
100002f8:	bd10      	pop	{r4, pc}
100002fa:	46c0      	nop			@ (mov r8, r8)
100002fc:	00000000 	.word	0x00000000
10000300:	200004f4 	.word	0x200004f4
10000304:	10002450 	.word	0x10002450

10000308 <main>:
10000308:	b5f0      	push	{r4, r5, r6, r7, lr}
1000030a:	46d6      	mov	lr, sl
1000030c:	464f      	mov	r7, r9
1000030e:	4646      	mov	r6, r8
10000310:	2500      	movs	r5, #0
10000312:	b5c0      	push	{r6, r7, lr}
10000314:	f001 ff60 	bl	100021d8 <stdio_init_all>
10000318:	2104      	movs	r1, #4
1000031a:	2016      	movs	r0, #22
1000031c:	4c6f      	ldr	r4, [pc, #444]	@ (100004dc <main+0x1d4>)
1000031e:	f000 f8f3 	bl	10000508 <gpio_set_function>
10000322:	4b6f      	ldr	r3, [pc, #444]	@ (100004e0 <main+0x1d8>)
10000324:	63e5      	str	r5, [r4, #60]	@ 0x3c
10000326:	6465      	str	r5, [r4, #68]	@ 0x44
10000328:	64a5      	str	r5, [r4, #72]	@ 0x48
1000032a:	64e3      	str	r3, [r4, #76]	@ 0x4c
1000032c:	2380      	movs	r3, #128	@ 0x80
1000032e:	2601      	movs	r6, #1
10000330:	00db      	lsls	r3, r3, #3
10000332:	6423      	str	r3, [r4, #64]	@ 0x40
10000334:	2104      	movs	r1, #4
10000336:	63e6      	str	r6, [r4, #60]	@ 0x3c
10000338:	200d      	movs	r0, #13
1000033a:	f000 f8e5 	bl	10000508 <gpio_set_function>
1000033e:	2104      	movs	r1, #4
10000340:	200b      	movs	r0, #11
10000342:	f000 f8e1 	bl	10000508 <gpio_set_function>
10000346:	2104      	movs	r1, #4
10000348:	200c      	movs	r0, #12
1000034a:	f000 f8dd 	bl	10000508 <gpio_set_function>
1000034e:	23ff      	movs	r3, #255	@ 0xff
10000350:	4698      	mov	r8, r3
10000352:	2080      	movs	r0, #128	@ 0x80
10000354:	2184      	movs	r1, #132	@ 0x84
10000356:	2288      	movs	r2, #136	@ 0x88
10000358:	4647      	mov	r7, r8
1000035a:	67a5      	str	r5, [r4, #120]	@ 0x78
1000035c:	5025      	str	r5, [r4, r0]
1000035e:	5065      	str	r5, [r4, r1]
10000360:	50a3      	str	r3, [r4, r2]
10000362:	3bef      	subs	r3, #239	@ 0xef
10000364:	67e3      	str	r3, [r4, #124]	@ 0x7c
10000366:	67a6      	str	r6, [r4, #120]	@ 0x78
10000368:	6665      	str	r5, [r4, #100]	@ 0x64
1000036a:	66e5      	str	r5, [r4, #108]	@ 0x6c
1000036c:	6725      	str	r5, [r4, #112]	@ 0x70
1000036e:	6767      	str	r7, [r4, #116]	@ 0x74
10000370:	66a3      	str	r3, [r4, #104]	@ 0x68
10000372:	6666      	str	r6, [r4, #100]	@ 0x64
10000374:	67a5      	str	r5, [r4, #120]	@ 0x78
10000376:	5025      	str	r5, [r4, r0]
10000378:	5065      	str	r5, [r4, r1]
1000037a:	50a7      	str	r7, [r4, r2]
1000037c:	4f59      	ldr	r7, [pc, #356]	@ (100004e4 <main+0x1dc>)
1000037e:	67e3      	str	r3, [r4, #124]	@ 0x7c
10000380:	67a6      	str	r6, [r4, #120]	@ 0x78
10000382:	683a      	ldr	r2, [r7, #0]
10000384:	33e5      	adds	r3, #229	@ 0xe5
10000386:	33ff      	adds	r3, #255	@ 0xff
10000388:	4053      	eors	r3, r2
1000038a:	22ff      	movs	r2, #255	@ 0xff
1000038c:	4e56      	ldr	r6, [pc, #344]	@ (100004e8 <main+0x1e0>)
1000038e:	041b      	lsls	r3, r3, #16
10000390:	4d56      	ldr	r5, [pc, #344]	@ (100004ec <main+0x1e4>)
10000392:	0c1b      	lsrs	r3, r3, #16
10000394:	6033      	str	r3, [r6, #0]
10000396:	682b      	ldr	r3, [r5, #0]
10000398:	0412      	lsls	r2, r2, #16
1000039a:	4053      	eors	r3, r2
1000039c:	4c54      	ldr	r4, [pc, #336]	@ (100004f0 <main+0x1e8>)
1000039e:	0c1b      	lsrs	r3, r3, #16
100003a0:	041b      	lsls	r3, r3, #16
100003a2:	6023      	str	r3, [r4, #0]
100003a4:	4b53      	ldr	r3, [pc, #332]	@ (100004f4 <main+0x1ec>)
100003a6:	4954      	ldr	r1, [pc, #336]	@ (100004f8 <main+0x1f0>)
100003a8:	469a      	mov	sl, r3
100003aa:	681b      	ldr	r3, [r3, #0]
100003ac:	4853      	ldr	r0, [pc, #332]	@ (100004fc <main+0x1f4>)
100003ae:	0c1b      	lsrs	r3, r3, #16
100003b0:	041b      	lsls	r3, r3, #16
100003b2:	600b      	str	r3, [r1, #0]
100003b4:	682b      	ldr	r3, [r5, #0]
100003b6:	4689      	mov	r9, r1
100003b8:	041b      	lsls	r3, r3, #16
100003ba:	0c1b      	lsrs	r3, r3, #16
100003bc:	6023      	str	r3, [r4, #0]
100003be:	f000 fd9d 	bl	10000efc <sleep_ms>
100003c2:	683a      	ldr	r2, [r7, #0]
100003c4:	4b4e      	ldr	r3, [pc, #312]	@ (10000500 <main+0x1f8>)
100003c6:	484d      	ldr	r0, [pc, #308]	@ (100004fc <main+0x1f4>)
100003c8:	4053      	eors	r3, r2
100003ca:	041b      	lsls	r3, r3, #16
100003cc:	0c1b      	lsrs	r3, r3, #16
100003ce:	6033      	str	r3, [r6, #0]
100003d0:	682b      	ldr	r3, [r5, #0]
100003d2:	22ff      	movs	r2, #255	@ 0xff
100003d4:	0c1b      	lsrs	r3, r3, #16
100003d6:	041b      	lsls	r3, r3, #16
100003d8:	6023      	str	r3, [r4, #0]
100003da:	4653      	mov	r3, sl
100003dc:	681b      	ldr	r3, [r3, #0]
100003de:	0412      	lsls	r2, r2, #16
100003e0:	4053      	eors	r3, r2
100003e2:	464a      	mov	r2, r9
100003e4:	0c1b      	lsrs	r3, r3, #16
100003e6:	041b      	lsls	r3, r3, #16
100003e8:	6013      	str	r3, [r2, #0]
100003ea:	682b      	ldr	r3, [r5, #0]
100003ec:	041b      	lsls	r3, r3, #16
100003ee:	0c1b      	lsrs	r3, r3, #16
100003f0:	6023      	str	r3, [r4, #0]
100003f2:	f000 fd83 	bl	10000efc <sleep_ms>
100003f6:	2396      	movs	r3, #150	@ 0x96
100003f8:	683a      	ldr	r2, [r7, #0]
100003fa:	011b      	lsls	r3, r3, #4
100003fc:	4053      	eors	r3, r2
100003fe:	041b      	lsls	r3, r3, #16
10000400:	0c1b      	lsrs	r3, r3, #16
10000402:	6033      	str	r3, [r6, #0]
10000404:	682b      	ldr	r3, [r5, #0]
10000406:	464a      	mov	r2, r9
10000408:	0c1b      	lsrs	r3, r3, #16
1000040a:	041b      	lsls	r3, r3, #16
1000040c:	6023      	str	r3, [r4, #0]
1000040e:	4653      	mov	r3, sl
10000410:	681b      	ldr	r3, [r3, #0]
10000412:	483a      	ldr	r0, [pc, #232]	@ (100004fc <main+0x1f4>)
10000414:	0c1b      	lsrs	r3, r3, #16
10000416:	041b      	lsls	r3, r3, #16
10000418:	6013      	str	r3, [r2, #0]
1000041a:	4642      	mov	r2, r8
1000041c:	682b      	ldr	r3, [r5, #0]
1000041e:	4053      	eors	r3, r2
10000420:	041b      	lsls	r3, r3, #16
10000422:	0c1b      	lsrs	r3, r3, #16
10000424:	6023      	str	r3, [r4, #0]
10000426:	f000 fd69 	bl	10000efc <sleep_ms>
1000042a:	24fa      	movs	r4, #250	@ 0xfa
1000042c:	0064      	lsls	r4, r4, #1
1000042e:	0020      	movs	r0, r4
10000430:	683b      	ldr	r3, [r7, #0]
10000432:	38f5      	subs	r0, #245	@ 0xf5
10000434:	4063      	eors	r3, r4
10000436:	041b      	lsls	r3, r3, #16
10000438:	0c1b      	lsrs	r3, r3, #16
1000043a:	2107      	movs	r1, #7
1000043c:	6033      	str	r3, [r6, #0]
1000043e:	38ff      	subs	r0, #255	@ 0xff
10000440:	f001 fcc4 	bl	10001dcc <__wrap___aeabi_uidiv>
10000444:	43c3      	mvns	r3, r0
10000446:	6829      	ldr	r1, [r5, #0]
10000448:	b2db      	uxtb	r3, r3
1000044a:	041b      	lsls	r3, r3, #16
1000044c:	404b      	eors	r3, r1
1000044e:	0c1b      	lsrs	r3, r3, #16
10000450:	4927      	ldr	r1, [pc, #156]	@ (100004f0 <main+0x1e8>)
10000452:	041b      	lsls	r3, r3, #16
10000454:	600b      	str	r3, [r1, #0]
10000456:	4b27      	ldr	r3, [pc, #156]	@ (100004f4 <main+0x1ec>)
10000458:	0002      	movs	r2, r0
1000045a:	681b      	ldr	r3, [r3, #0]
1000045c:	4826      	ldr	r0, [pc, #152]	@ (100004f8 <main+0x1f0>)
1000045e:	0c1b      	lsrs	r3, r3, #16
10000460:	041b      	lsls	r3, r3, #16
10000462:	6003      	str	r3, [r0, #0]
10000464:	20ff      	movs	r0, #255	@ 0xff
10000466:	682b      	ldr	r3, [r5, #0]
10000468:	4010      	ands	r0, r2
1000046a:	4058      	eors	r0, r3
1000046c:	0400      	lsls	r0, r0, #16
1000046e:	0c00      	lsrs	r0, r0, #16
10000470:	6008      	str	r0, [r1, #0]
10000472:	200a      	movs	r0, #10
10000474:	f000 fd42 	bl	10000efc <sleep_ms>
10000478:	4b22      	ldr	r3, [pc, #136]	@ (10000504 <main+0x1fc>)
1000047a:	3405      	adds	r4, #5
1000047c:	429c      	cmp	r4, r3
1000047e:	d1d6      	bne.n	1000042e <main+0x126>
10000480:	2496      	movs	r4, #150	@ 0x96
10000482:	0124      	lsls	r4, r4, #4
10000484:	0020      	movs	r0, r4
10000486:	683b      	ldr	r3, [r7, #0]
10000488:	38f5      	subs	r0, #245	@ 0xf5
1000048a:	4063      	eors	r3, r4
1000048c:	041b      	lsls	r3, r3, #16
1000048e:	0c1b      	lsrs	r3, r3, #16
10000490:	2107      	movs	r1, #7
10000492:	6033      	str	r3, [r6, #0]
10000494:	38ff      	subs	r0, #255	@ 0xff
10000496:	f001 fc99 	bl	10001dcc <__wrap___aeabi_uidiv>
1000049a:	43c3      	mvns	r3, r0
1000049c:	6829      	ldr	r1, [r5, #0]
1000049e:	b2db      	uxtb	r3, r3
100004a0:	041b      	lsls	r3, r3, #16
100004a2:	404b      	eors	r3, r1
100004a4:	0c1b      	lsrs	r3, r3, #16
100004a6:	4912      	ldr	r1, [pc, #72]	@ (100004f0 <main+0x1e8>)
100004a8:	041b      	lsls	r3, r3, #16
100004aa:	600b      	str	r3, [r1, #0]
100004ac:	4b11      	ldr	r3, [pc, #68]	@ (100004f4 <main+0x1ec>)
100004ae:	0002      	movs	r2, r0
100004b0:	681b      	ldr	r3, [r3, #0]
100004b2:	4811      	ldr	r0, [pc, #68]	@ (100004f8 <main+0x1f0>)
100004b4:	0c1b      	lsrs	r3, r3, #16
100004b6:	041b      	lsls	r3, r3, #16
100004b8:	6003      	str	r3, [r0, #0]
100004ba:	20ff      	movs	r0, #255	@ 0xff
100004bc:	682b      	ldr	r3, [r5, #0]
100004be:	4010      	ands	r0, r2
100004c0:	4058      	eors	r0, r3
100004c2:	0400      	lsls	r0, r0, #16
100004c4:	0c00      	lsrs	r0, r0, #16
100004c6:	6008      	str	r0, [r1, #0]
100004c8:	200a      	movs	r0, #10
100004ca:	f000 fd17 	bl	10000efc <sleep_ms>
100004ce:	23f0      	movs	r3, #240	@ 0xf0
100004d0:	3c05      	subs	r4, #5
100004d2:	33ff      	adds	r3, #255	@ 0xff
100004d4:	429c      	cmp	r4, r3
100004d6:	d1d5      	bne.n	10000484 <main+0x17c>
100004d8:	e7a7      	b.n	1000042a <main+0x122>
100004da:	46c0      	nop			@ (mov r8, r8)
100004dc:	40050000 	.word	0x40050000
100004e0:	00004e20 	.word	0x00004e20
100004e4:	40050048 	.word	0x40050048
100004e8:	40051048 	.word	0x40051048
100004ec:	40050084 	.word	0x40050084
100004f0:	40051084 	.word	0x40051084
100004f4:	40050070 	.word	0x40050070
100004f8:	40051070 	.word	0x40051070
100004fc:	00001388 	.word	0x00001388
10000500:	000005be 	.word	0x000005be
10000504:	00000965 	.word	0x00000965

10000508 <gpio_set_function>:
10000508:	4a09      	ldr	r2, [pc, #36]	@ (10000530 <gpio_set_function+0x28>)
1000050a:	b510      	push	{r4, lr}
1000050c:	4694      	mov	ip, r2
1000050e:	2440      	movs	r4, #64	@ 0x40
10000510:	0083      	lsls	r3, r0, #2
10000512:	4463      	add	r3, ip
10000514:	681a      	ldr	r2, [r3, #0]
10000516:	00c0      	lsls	r0, r0, #3
10000518:	4062      	eors	r2, r4
1000051a:	3480      	adds	r4, #128	@ 0x80
1000051c:	4014      	ands	r4, r2
1000051e:	2280      	movs	r2, #128	@ 0x80
10000520:	0152      	lsls	r2, r2, #5
10000522:	4313      	orrs	r3, r2
10000524:	601c      	str	r4, [r3, #0]
10000526:	4b03      	ldr	r3, [pc, #12]	@ (10000534 <gpio_set_function+0x2c>)
10000528:	469c      	mov	ip, r3
1000052a:	4460      	add	r0, ip
1000052c:	6041      	str	r1, [r0, #4]
1000052e:	bd10      	pop	{r4, pc}
10000530:	4001c004 	.word	0x4001c004
10000534:	40014000 	.word	0x40014000

10000538 <running_on_fpga>:
10000538:	4b02      	ldr	r3, [pc, #8]	@ (10000544 <running_on_fpga+0xc>)
1000053a:	6818      	ldr	r0, [r3, #0]
1000053c:	0780      	lsls	r0, r0, #30
1000053e:	0fc0      	lsrs	r0, r0, #31
10000540:	4770      	bx	lr
10000542:	46c0      	nop			@ (mov r8, r8)
10000544:	4006c000 	.word	0x4006c000

10000548 <hw_claim_or_assert>:
10000548:	b570      	push	{r4, r5, r6, lr}
1000054a:	f3ef 8c10 	mrs	ip, PRIMASK
1000054e:	b672      	cpsid	i
10000550:	4d0d      	ldr	r5, [pc, #52]	@ (10000588 <hw_claim_or_assert+0x40>)
10000552:	682b      	ldr	r3, [r5, #0]
10000554:	2b00      	cmp	r3, #0
10000556:	d0fc      	beq.n	10000552 <hw_claim_or_assert+0xa>
10000558:	f3bf 8f5f 	dmb	sy
1000055c:	2407      	movs	r4, #7
1000055e:	08cb      	lsrs	r3, r1, #3
10000560:	18c6      	adds	r6, r0, r3
10000562:	5cc0      	ldrb	r0, [r0, r3]
10000564:	2301      	movs	r3, #1
10000566:	400c      	ands	r4, r1
10000568:	40a3      	lsls	r3, r4
1000056a:	001c      	movs	r4, r3
1000056c:	4004      	ands	r4, r0
1000056e:	4203      	tst	r3, r0
10000570:	d107      	bne.n	10000582 <hw_claim_or_assert+0x3a>
10000572:	4318      	orrs	r0, r3
10000574:	7030      	strb	r0, [r6, #0]
10000576:	f3bf 8f5f 	dmb	sy
1000057a:	602c      	str	r4, [r5, #0]
1000057c:	f38c 8810 	msr	PRIMASK, ip
10000580:	bd70      	pop	{r4, r5, r6, pc}
10000582:	0010      	movs	r0, r2
10000584:	f001 fbaa 	bl	10001cdc <panic>
10000588:	d000012c 	.word	0xd000012c

1000058c <spin_locks_reset>:
1000058c:	2100      	movs	r1, #0
1000058e:	4b04      	ldr	r3, [pc, #16]	@ (100005a0 <spin_locks_reset+0x14>)
10000590:	4a04      	ldr	r2, [pc, #16]	@ (100005a4 <spin_locks_reset+0x18>)
10000592:	f3bf 8f5f 	dmb	sy
10000596:	c302      	stmia	r3!, {r1}
10000598:	4293      	cmp	r3, r2
1000059a:	d1fa      	bne.n	10000592 <spin_locks_reset+0x6>
1000059c:	4770      	bx	lr
1000059e:	46c0      	nop			@ (mov r8, r8)
100005a0:	d0000100 	.word	0xd0000100
100005a4:	d0000180 	.word	0xd0000180

100005a8 <next_striped_spin_lock_num>:
100005a8:	4a04      	ldr	r2, [pc, #16]	@ (100005bc <next_striped_spin_lock_num+0x14>)
100005aa:	7810      	ldrb	r0, [r2, #0]
100005ac:	1c43      	adds	r3, r0, #1
100005ae:	b2db      	uxtb	r3, r3
100005b0:	2b17      	cmp	r3, #23
100005b2:	d900      	bls.n	100005b6 <next_striped_spin_lock_num+0xe>
100005b4:	2310      	movs	r3, #16
100005b6:	7013      	strb	r3, [r2, #0]
100005b8:	4770      	bx	lr
100005ba:	46c0      	nop			@ (mov r8, r8)
100005bc:	20000198 	.word	0x20000198

100005c0 <irq_set_enabled>:
100005c0:	2301      	movs	r3, #1
100005c2:	4083      	lsls	r3, r0
100005c4:	2900      	cmp	r1, #0
100005c6:	d004      	beq.n	100005d2 <irq_set_enabled+0x12>
100005c8:	4a03      	ldr	r2, [pc, #12]	@ (100005d8 <irq_set_enabled+0x18>)
100005ca:	6013      	str	r3, [r2, #0]
100005cc:	4a03      	ldr	r2, [pc, #12]	@ (100005dc <irq_set_enabled+0x1c>)
100005ce:	6013      	str	r3, [r2, #0]
100005d0:	4770      	bx	lr
100005d2:	4a03      	ldr	r2, [pc, #12]	@ (100005e0 <irq_set_enabled+0x20>)
100005d4:	6013      	str	r3, [r2, #0]
100005d6:	e7fb      	b.n	100005d0 <irq_set_enabled+0x10>
100005d8:	e000e280 	.word	0xe000e280
100005dc:	e000e100 	.word	0xe000e100
100005e0:	e000e180 	.word	0xe000e180

100005e4 <irq_get_vtable_handler>:
100005e4:	4b02      	ldr	r3, [pc, #8]	@ (100005f0 <irq_get_vtable_handler+0xc>)
100005e6:	3010      	adds	r0, #16
100005e8:	689b      	ldr	r3, [r3, #8]
100005ea:	0080      	lsls	r0, r0, #2
100005ec:	58c0      	ldr	r0, [r0, r3]
100005ee:	4770      	bx	lr
100005f0:	e000ed00 	.word	0xe000ed00

100005f4 <irq_set_exclusive_handler>:
100005f4:	b570      	push	{r4, r5, r6, lr}
100005f6:	000d      	movs	r5, r1
100005f8:	f3ef 8610 	mrs	r6, PRIMASK
100005fc:	b672      	cpsid	i
100005fe:	4a0f      	ldr	r2, [pc, #60]	@ (1000063c <irq_set_exclusive_handler+0x48>)
10000600:	6813      	ldr	r3, [r2, #0]
10000602:	2b00      	cmp	r3, #0
10000604:	d0fc      	beq.n	10000600 <irq_set_exclusive_handler+0xc>
10000606:	f3bf 8f5f 	dmb	sy
1000060a:	4b0d      	ldr	r3, [pc, #52]	@ (10000640 <irq_set_exclusive_handler+0x4c>)
1000060c:	3010      	adds	r0, #16
1000060e:	689b      	ldr	r3, [r3, #8]
10000610:	0084      	lsls	r4, r0, #2
10000612:	591b      	ldr	r3, [r3, r4]
10000614:	4a0b      	ldr	r2, [pc, #44]	@ (10000644 <irq_set_exclusive_handler+0x50>)
10000616:	4293      	cmp	r3, r2
10000618:	d003      	beq.n	10000622 <irq_set_exclusive_handler+0x2e>
1000061a:	429d      	cmp	r5, r3
1000061c:	d001      	beq.n	10000622 <irq_set_exclusive_handler+0x2e>
1000061e:	f001 fb75 	bl	10001d0c <hard_assertion_failure>
10000622:	4b07      	ldr	r3, [pc, #28]	@ (10000640 <irq_set_exclusive_handler+0x4c>)
10000624:	689b      	ldr	r3, [r3, #8]
10000626:	511d      	str	r5, [r3, r4]
10000628:	f3bf 8f5f 	dmb	sy
1000062c:	f3bf 8f5f 	dmb	sy
10000630:	2200      	movs	r2, #0
10000632:	4b02      	ldr	r3, [pc, #8]	@ (1000063c <irq_set_exclusive_handler+0x48>)
10000634:	601a      	str	r2, [r3, #0]
10000636:	f386 8810 	msr	PRIMASK, r6
1000063a:	bd70      	pop	{r4, r5, r6, pc}
1000063c:	d0000124 	.word	0xd0000124
10000640:	e000ed00 	.word	0xe000ed00
10000644:	100001cd 	.word	0x100001cd

10000648 <irq_remove_handler>:
10000648:	b5f0      	push	{r4, r5, r6, r7, lr}
1000064a:	46de      	mov	lr, fp
1000064c:	4657      	mov	r7, sl
1000064e:	464e      	mov	r6, r9
10000650:	4645      	mov	r5, r8
10000652:	b5e0      	push	{r5, r6, r7, lr}
10000654:	000c      	movs	r4, r1
10000656:	b083      	sub	sp, #12
10000658:	f3ef 8810 	mrs	r8, PRIMASK
1000065c:	b672      	cpsid	i
1000065e:	4a5d      	ldr	r2, [pc, #372]	@ (100007d4 <irq_remove_handler+0x18c>)
10000660:	6813      	ldr	r3, [r2, #0]
10000662:	2b00      	cmp	r3, #0
10000664:	d0fc      	beq.n	10000660 <irq_remove_handler+0x18>
10000666:	f3bf 8f5f 	dmb	sy
1000066a:	4b5b      	ldr	r3, [pc, #364]	@ (100007d8 <irq_remove_handler+0x190>)
1000066c:	495b      	ldr	r1, [pc, #364]	@ (100007dc <irq_remove_handler+0x194>)
1000066e:	689a      	ldr	r2, [r3, #8]
10000670:	0003      	movs	r3, r0
10000672:	3310      	adds	r3, #16
10000674:	009f      	lsls	r7, r3, #2
10000676:	59d5      	ldr	r5, [r2, r7]
10000678:	428d      	cmp	r5, r1
1000067a:	d039      	beq.n	100006f0 <irq_remove_handler+0xa8>
1000067c:	42a5      	cmp	r5, r4
1000067e:	d04a      	beq.n	10000716 <irq_remove_handler+0xce>
10000680:	4e57      	ldr	r6, [pc, #348]	@ (100007e0 <irq_remove_handler+0x198>)
10000682:	1baa      	subs	r2, r5, r6
10000684:	2a2f      	cmp	r2, #47	@ 0x2f
10000686:	d833      	bhi.n	100006f0 <irq_remove_handler+0xa8>
10000688:	2201      	movs	r2, #1
1000068a:	4692      	mov	sl, r2
1000068c:	4082      	lsls	r2, r0
1000068e:	4691      	mov	r9, r2
10000690:	4648      	mov	r0, r9
10000692:	4a54      	ldr	r2, [pc, #336]	@ (100007e4 <irq_remove_handler+0x19c>)
10000694:	6812      	ldr	r2, [r2, #0]
10000696:	4010      	ands	r0, r2
10000698:	9001      	str	r0, [sp, #4]
1000069a:	4648      	mov	r0, r9
1000069c:	4a52      	ldr	r2, [pc, #328]	@ (100007e8 <irq_remove_handler+0x1a0>)
1000069e:	6010      	str	r0, [r2, #0]
100006a0:	f3bf 8f5f 	dmb	sy
100006a4:	f3ef 8205 	mrs	r2, IPSR
100006a8:	4693      	mov	fp, r2
100006aa:	2a00      	cmp	r2, #0
100006ac:	d035      	beq.n	1000071a <irq_remove_handler+0xd2>
100006ae:	4293      	cmp	r3, r2
100006b0:	d001      	beq.n	100006b6 <irq_remove_handler+0x6e>
100006b2:	f001 fb2b 	bl	10001d0c <hard_assertion_failure>
100006b6:	002a      	movs	r2, r5
100006b8:	4653      	mov	r3, sl
100006ba:	439a      	bics	r2, r3
100006bc:	6890      	ldr	r0, [r2, #8]
100006be:	4284      	cmp	r4, r0
100006c0:	d108      	bne.n	100006d4 <irq_remove_handler+0x8c>
100006c2:	e075      	b.n	100007b0 <irq_remove_handler+0x168>
100006c4:	004b      	lsls	r3, r1, #1
100006c6:	185b      	adds	r3, r3, r1
100006c8:	009b      	lsls	r3, r3, #2
100006ca:	18f3      	adds	r3, r6, r3
100006cc:	6898      	ldr	r0, [r3, #8]
100006ce:	42a0      	cmp	r0, r4
100006d0:	d034      	beq.n	1000073c <irq_remove_handler+0xf4>
100006d2:	001a      	movs	r2, r3
100006d4:	2106      	movs	r1, #6
100006d6:	5651      	ldrsb	r1, [r2, r1]
100006d8:	2900      	cmp	r1, #0
100006da:	daf3      	bge.n	100006c4 <irq_remove_handler+0x7c>
100006dc:	4284      	cmp	r4, r0
100006de:	d053      	beq.n	10000788 <irq_remove_handler+0x140>
100006e0:	9b01      	ldr	r3, [sp, #4]
100006e2:	2b00      	cmp	r3, #0
100006e4:	d026      	beq.n	10000734 <irq_remove_handler+0xec>
100006e6:	464a      	mov	r2, r9
100006e8:	4b40      	ldr	r3, [pc, #256]	@ (100007ec <irq_remove_handler+0x1a4>)
100006ea:	601a      	str	r2, [r3, #0]
100006ec:	4b3d      	ldr	r3, [pc, #244]	@ (100007e4 <irq_remove_handler+0x19c>)
100006ee:	601a      	str	r2, [r3, #0]
100006f0:	4b39      	ldr	r3, [pc, #228]	@ (100007d8 <irq_remove_handler+0x190>)
100006f2:	689b      	ldr	r3, [r3, #8]
100006f4:	51dd      	str	r5, [r3, r7]
100006f6:	f3bf 8f5f 	dmb	sy
100006fa:	f3bf 8f5f 	dmb	sy
100006fe:	2200      	movs	r2, #0
10000700:	4b34      	ldr	r3, [pc, #208]	@ (100007d4 <irq_remove_handler+0x18c>)
10000702:	601a      	str	r2, [r3, #0]
10000704:	f388 8810 	msr	PRIMASK, r8
10000708:	b003      	add	sp, #12
1000070a:	bcf0      	pop	{r4, r5, r6, r7}
1000070c:	46bb      	mov	fp, r7
1000070e:	46b2      	mov	sl, r6
10000710:	46a9      	mov	r9, r5
10000712:	46a0      	mov	r8, r4
10000714:	bdf0      	pop	{r4, r5, r6, r7, pc}
10000716:	000d      	movs	r5, r1
10000718:	e7ea      	b.n	100006f0 <irq_remove_handler+0xa8>
1000071a:	002a      	movs	r2, r5
1000071c:	4653      	mov	r3, sl
1000071e:	439a      	bics	r2, r3
10000720:	6890      	ldr	r0, [r2, #8]
10000722:	4284      	cmp	r4, r0
10000724:	d1d6      	bne.n	100006d4 <irq_remove_handler+0x8c>
10000726:	2006      	movs	r0, #6
10000728:	5610      	ldrsb	r0, [r2, r0]
1000072a:	0013      	movs	r3, r2
1000072c:	2800      	cmp	r0, #0
1000072e:	da09      	bge.n	10000744 <irq_remove_handler+0xfc>
10000730:	000d      	movs	r5, r1
10000732:	e031      	b.n	10000798 <irq_remove_handler+0x150>
10000734:	464a      	mov	r2, r9
10000736:	4b2c      	ldr	r3, [pc, #176]	@ (100007e8 <irq_remove_handler+0x1a0>)
10000738:	601a      	str	r2, [r3, #0]
1000073a:	e7d9      	b.n	100006f0 <irq_remove_handler+0xa8>
1000073c:	2006      	movs	r0, #6
1000073e:	5618      	ldrsb	r0, [r3, r0]
10000740:	2800      	cmp	r0, #0
10000742:	db22      	blt.n	1000078a <irq_remove_handler+0x142>
10000744:	0042      	lsls	r2, r0, #1
10000746:	1811      	adds	r1, r2, r0
10000748:	0089      	lsls	r1, r1, #2
1000074a:	1874      	adds	r4, r6, r1
1000074c:	468a      	mov	sl, r1
1000074e:	68a1      	ldr	r1, [r4, #8]
10000750:	6099      	str	r1, [r3, #8]
10000752:	79e1      	ldrb	r1, [r4, #7]
10000754:	71d9      	strb	r1, [r3, #7]
10000756:	2106      	movs	r1, #6
10000758:	5661      	ldrsb	r1, [r4, r1]
1000075a:	7199      	strb	r1, [r3, #6]
1000075c:	2900      	cmp	r1, #0
1000075e:	db25      	blt.n	100007ac <irq_remove_handler+0x164>
10000760:	88a4      	ldrh	r4, [r4, #4]
10000762:	1af1      	subs	r1, r6, r3
10000764:	0564      	lsls	r4, r4, #21
10000766:	1524      	asrs	r4, r4, #20
10000768:	4454      	add	r4, sl
1000076a:	1909      	adds	r1, r1, r4
1000076c:	24e0      	movs	r4, #224	@ 0xe0
1000076e:	0509      	lsls	r1, r1, #20
10000770:	0d49      	lsrs	r1, r1, #21
10000772:	0224      	lsls	r4, r4, #8
10000774:	4321      	orrs	r1, r4
10000776:	8099      	strh	r1, [r3, #4]
10000778:	1813      	adds	r3, r2, r0
1000077a:	4a1d      	ldr	r2, [pc, #116]	@ (100007f0 <irq_remove_handler+0x1a8>)
1000077c:	009b      	lsls	r3, r3, #2
1000077e:	7811      	ldrb	r1, [r2, #0]
10000780:	18f3      	adds	r3, r6, r3
10000782:	7199      	strb	r1, [r3, #6]
10000784:	7010      	strb	r0, [r2, #0]
10000786:	e7ab      	b.n	100006e0 <irq_remove_handler+0x98>
10000788:	0013      	movs	r3, r2
1000078a:	4659      	mov	r1, fp
1000078c:	2900      	cmp	r1, #0
1000078e:	d114      	bne.n	100007ba <irq_remove_handler+0x172>
10000790:	31ff      	adds	r1, #255	@ 0xff
10000792:	7191      	strb	r1, [r2, #6]
10000794:	4917      	ldr	r1, [pc, #92]	@ (100007f4 <irq_remove_handler+0x1ac>)
10000796:	8091      	strh	r1, [r2, #4]
10000798:	4915      	ldr	r1, [pc, #84]	@ (100007f0 <irq_remove_handler+0x1a8>)
1000079a:	780a      	ldrb	r2, [r1, #0]
1000079c:	719a      	strb	r2, [r3, #6]
1000079e:	4a16      	ldr	r2, [pc, #88]	@ (100007f8 <irq_remove_handler+0x1b0>)
100007a0:	1b9b      	subs	r3, r3, r6
100007a2:	415b      	adcs	r3, r3
100007a4:	435a      	muls	r2, r3
100007a6:	0d12      	lsrs	r2, r2, #20
100007a8:	700a      	strb	r2, [r1, #0]
100007aa:	e799      	b.n	100006e0 <irq_remove_handler+0x98>
100007ac:	4913      	ldr	r1, [pc, #76]	@ (100007fc <irq_remove_handler+0x1b4>)
100007ae:	e7e2      	b.n	10000776 <irq_remove_handler+0x12e>
100007b0:	2006      	movs	r0, #6
100007b2:	5610      	ldrsb	r0, [r2, r0]
100007b4:	0013      	movs	r3, r2
100007b6:	2800      	cmp	r0, #0
100007b8:	dac4      	bge.n	10000744 <irq_remove_handler+0xfc>
100007ba:	4a11      	ldr	r2, [pc, #68]	@ (10000800 <irq_remove_handler+0x1b8>)
100007bc:	4911      	ldr	r1, [pc, #68]	@ (10000804 <irq_remove_handler+0x1bc>)
100007be:	1ad2      	subs	r2, r2, r3
100007c0:	3a08      	subs	r2, #8
100007c2:	0250      	lsls	r0, r2, #9
100007c4:	0d40      	lsrs	r0, r0, #21
100007c6:	4301      	orrs	r1, r0
100007c8:	8099      	strh	r1, [r3, #4]
100007ca:	490f      	ldr	r1, [pc, #60]	@ (10000808 <irq_remove_handler+0x1c0>)
100007cc:	0852      	lsrs	r2, r2, #1
100007ce:	430a      	orrs	r2, r1
100007d0:	80da      	strh	r2, [r3, #6]
100007d2:	e785      	b.n	100006e0 <irq_remove_handler+0x98>
100007d4:	d0000124 	.word	0xd0000124
100007d8:	e000ed00 	.word	0xe000ed00
100007dc:	100001cd 	.word	0x100001cd
100007e0:	2000019c 	.word	0x2000019c
100007e4:	e000e100 	.word	0xe000e100
100007e8:	e000e180 	.word	0xe000e180
100007ec:	e000e280 	.word	0xe000e280
100007f0:	2000063d 	.word	0x2000063d
100007f4:	ffffbd01 	.word	0xffffbd01
100007f8:	0000aaaa 	.word	0x0000aaaa
100007fc:	0000bd01 	.word	0x0000bd01
10000800:	200001d6 	.word	0x200001d6
10000804:	fffff000 	.word	0xfffff000
10000808:	fffff800 	.word	0xfffff800

1000080c <irq_add_tail_to_free_list>:
1000080c:	b570      	push	{r4, r5, r6, lr}
1000080e:	f3ef 8105 	mrs	r1, IPSR
10000812:	2401      	movs	r4, #1
10000814:	4304      	orrs	r4, r0
10000816:	f3ef 8c10 	mrs	ip, PRIMASK
1000081a:	b672      	cpsid	i
1000081c:	4a21      	ldr	r2, [pc, #132]	@ (100008a4 <irq_add_tail_to_free_list+0x98>)
1000081e:	6813      	ldr	r3, [r2, #0]
10000820:	2b00      	cmp	r3, #0
10000822:	d0fc      	beq.n	1000081e <irq_add_tail_to_free_list+0x12>
10000824:	f3bf 8f5f 	dmb	sy
10000828:	4b1f      	ldr	r3, [pc, #124]	@ (100008a8 <irq_add_tail_to_free_list+0x9c>)
1000082a:	0005      	movs	r5, r0
1000082c:	4a1f      	ldr	r2, [pc, #124]	@ (100008ac <irq_add_tail_to_free_list+0xa0>)
1000082e:	1aed      	subs	r5, r5, r3
10000830:	416d      	adcs	r5, r5
10000832:	436a      	muls	r2, r5
10000834:	0d12      	lsrs	r2, r2, #20
10000836:	4d1e      	ldr	r5, [pc, #120]	@ (100008b0 <irq_add_tail_to_free_list+0xa4>)
10000838:	0089      	lsls	r1, r1, #2
1000083a:	68ae      	ldr	r6, [r5, #8]
1000083c:	b252      	sxtb	r2, r2
1000083e:	5876      	ldr	r6, [r6, r1]
10000840:	42a6      	cmp	r6, r4
10000842:	d01c      	beq.n	1000087e <irq_add_tail_to_free_list+0x72>
10000844:	2106      	movs	r1, #6
10000846:	5659      	ldrsb	r1, [r3, r1]
10000848:	4291      	cmp	r1, r2
1000084a:	d01c      	beq.n	10000886 <irq_add_tail_to_free_list+0x7a>
1000084c:	2112      	movs	r1, #18
1000084e:	5659      	ldrsb	r1, [r3, r1]
10000850:	4291      	cmp	r1, r2
10000852:	d022      	beq.n	1000089a <irq_add_tail_to_free_list+0x8e>
10000854:	211e      	movs	r1, #30
10000856:	5659      	ldrsb	r1, [r3, r1]
10000858:	4291      	cmp	r1, r2
1000085a:	d020      	beq.n	1000089e <irq_add_tail_to_free_list+0x92>
1000085c:	212a      	movs	r1, #42	@ 0x2a
1000085e:	5659      	ldrsb	r1, [r3, r1]
10000860:	2403      	movs	r4, #3
10000862:	4291      	cmp	r1, r2
10000864:	d010      	beq.n	10000888 <irq_add_tail_to_free_list+0x7c>
10000866:	4b13      	ldr	r3, [pc, #76]	@ (100008b4 <irq_add_tail_to_free_list+0xa8>)
10000868:	7819      	ldrb	r1, [r3, #0]
1000086a:	701a      	strb	r2, [r3, #0]
1000086c:	7181      	strb	r1, [r0, #6]
1000086e:	f3bf 8f5f 	dmb	sy
10000872:	2200      	movs	r2, #0
10000874:	4b0b      	ldr	r3, [pc, #44]	@ (100008a4 <irq_add_tail_to_free_list+0x98>)
10000876:	601a      	str	r2, [r3, #0]
10000878:	f38c 8810 	msr	PRIMASK, ip
1000087c:	bd70      	pop	{r4, r5, r6, pc}
1000087e:	68ab      	ldr	r3, [r5, #8]
10000880:	4c0d      	ldr	r4, [pc, #52]	@ (100008b8 <irq_add_tail_to_free_list+0xac>)
10000882:	505c      	str	r4, [r3, r1]
10000884:	e7ef      	b.n	10000866 <irq_add_tail_to_free_list+0x5a>
10000886:	2400      	movs	r4, #0
10000888:	0061      	lsls	r1, r4, #1
1000088a:	1909      	adds	r1, r1, r4
1000088c:	0089      	lsls	r1, r1, #2
1000088e:	185b      	adds	r3, r3, r1
10000890:	21ff      	movs	r1, #255	@ 0xff
10000892:	7199      	strb	r1, [r3, #6]
10000894:	4909      	ldr	r1, [pc, #36]	@ (100008bc <irq_add_tail_to_free_list+0xb0>)
10000896:	8099      	strh	r1, [r3, #4]
10000898:	e7e5      	b.n	10000866 <irq_add_tail_to_free_list+0x5a>
1000089a:	2401      	movs	r4, #1
1000089c:	e7f4      	b.n	10000888 <irq_add_tail_to_free_list+0x7c>
1000089e:	2402      	movs	r4, #2
100008a0:	e7f2      	b.n	10000888 <irq_add_tail_to_free_list+0x7c>
100008a2:	46c0      	nop			@ (mov r8, r8)
100008a4:	d0000124 	.word	0xd0000124
100008a8:	2000019c 	.word	0x2000019c
100008ac:	0000aaaa 	.word	0x0000aaaa
100008b0:	e000ed00 	.word	0xe000ed00
100008b4:	2000063d 	.word	0x2000063d
100008b8:	100001cd 	.word	0x100001cd
100008bc:	ffffbd01 	.word	0xffffbd01

100008c0 <irq_init_priorities>:
100008c0:	4b05      	ldr	r3, [pc, #20]	@ (100008d8 <irq_init_priorities+0x18>)
100008c2:	4a06      	ldr	r2, [pc, #24]	@ (100008dc <irq_init_priorities+0x1c>)
100008c4:	6013      	str	r3, [r2, #0]
100008c6:	4a06      	ldr	r2, [pc, #24]	@ (100008e0 <irq_init_priorities+0x20>)
100008c8:	6013      	str	r3, [r2, #0]
100008ca:	6053      	str	r3, [r2, #4]
100008cc:	6093      	str	r3, [r2, #8]
100008ce:	60d3      	str	r3, [r2, #12]
100008d0:	6113      	str	r3, [r2, #16]
100008d2:	6153      	str	r3, [r2, #20]
100008d4:	6193      	str	r3, [r2, #24]
100008d6:	4770      	bx	lr
100008d8:	80808080 	.word	0x80808080
100008dc:	e000e400 	.word	0xe000e400
100008e0:	e000e404 	.word	0xe000e404

100008e4 <lock_init>:
100008e4:	4b02      	ldr	r3, [pc, #8]	@ (100008f0 <lock_init+0xc>)
100008e6:	469c      	mov	ip, r3
100008e8:	4461      	add	r1, ip
100008ea:	0089      	lsls	r1, r1, #2
100008ec:	6001      	str	r1, [r0, #0]
100008ee:	4770      	bx	lr
100008f0:	34000040 	.word	0x34000040

100008f4 <mutex_init>:
100008f4:	b510      	push	{r4, lr}
100008f6:	0004      	movs	r4, r0
100008f8:	f7ff fe56 	bl	100005a8 <next_striped_spin_lock_num>
100008fc:	0001      	movs	r1, r0
100008fe:	0020      	movs	r0, r4
10000900:	f7ff fff0 	bl	100008e4 <lock_init>
10000904:	23ff      	movs	r3, #255	@ 0xff
10000906:	7123      	strb	r3, [r4, #4]
10000908:	f3bf 8f5f 	dmb	sy
1000090c:	bd10      	pop	{r4, pc}
1000090e:	46c0      	nop			@ (mov r8, r8)

10000910 <recursive_mutex_init>:
10000910:	b510      	push	{r4, lr}
10000912:	0004      	movs	r4, r0
10000914:	f7ff fe48 	bl	100005a8 <next_striped_spin_lock_num>
10000918:	0001      	movs	r1, r0
1000091a:	0020      	movs	r0, r4
1000091c:	f7ff ffe2 	bl	100008e4 <lock_init>
10000920:	23ff      	movs	r3, #255	@ 0xff
10000922:	80a3      	strh	r3, [r4, #4]
10000924:	f3bf 8f5f 	dmb	sy
10000928:	bd10      	pop	{r4, pc}
1000092a:	46c0      	nop			@ (mov r8, r8)

1000092c <timer_pool_entry_comparator>:
1000092c:	6883      	ldr	r3, [r0, #8]
1000092e:	480b      	ldr	r0, [pc, #44]	@ (1000095c <timer_pool_entry_comparator+0x30>)
10000930:	b510      	push	{r4, lr}
10000932:	4684      	mov	ip, r0
10000934:	4461      	add	r1, ip
10000936:	4462      	add	r2, ip
10000938:	0112      	lsls	r2, r2, #4
1000093a:	0109      	lsls	r1, r1, #4
1000093c:	1859      	adds	r1, r3, r1
1000093e:	189b      	adds	r3, r3, r2
10000940:	685c      	ldr	r4, [r3, #4]
10000942:	684a      	ldr	r2, [r1, #4]
10000944:	2001      	movs	r0, #1
10000946:	4294      	cmp	r4, r2
10000948:	d801      	bhi.n	1000094e <timer_pool_entry_comparator+0x22>
1000094a:	d002      	beq.n	10000952 <timer_pool_entry_comparator+0x26>
1000094c:	2000      	movs	r0, #0
1000094e:	b2c0      	uxtb	r0, r0
10000950:	bd10      	pop	{r4, pc}
10000952:	681a      	ldr	r2, [r3, #0]
10000954:	680b      	ldr	r3, [r1, #0]
10000956:	429a      	cmp	r2, r3
10000958:	d8f9      	bhi.n	1000094e <timer_pool_entry_comparator+0x22>
1000095a:	e7f7      	b.n	1000094c <timer_pool_entry_comparator+0x20>
1000095c:	0fffffff 	.word	0x0fffffff

10000960 <sleep_until_callback>:
10000960:	4b0a      	ldr	r3, [pc, #40]	@ (1000098c <sleep_until_callback+0x2c>)
10000962:	6819      	ldr	r1, [r3, #0]
10000964:	f3ef 8010 	mrs	r0, PRIMASK
10000968:	b672      	cpsid	i
1000096a:	680a      	ldr	r2, [r1, #0]
1000096c:	2a00      	cmp	r2, #0
1000096e:	d0fc      	beq.n	1000096a <sleep_until_callback+0xa>
10000970:	f3bf 8f5f 	dmb	sy
10000974:	681b      	ldr	r3, [r3, #0]
10000976:	f3bf 8f5f 	dmb	sy
1000097a:	2200      	movs	r2, #0
1000097c:	601a      	str	r2, [r3, #0]
1000097e:	f380 8810 	msr	PRIMASK, r0
10000982:	bf40      	sev
10000984:	2000      	movs	r0, #0
10000986:	2100      	movs	r1, #0
10000988:	4770      	bx	lr
1000098a:	46c0      	nop			@ (mov r8, r8)
1000098c:	20000620 	.word	0x20000620

10000990 <add_alarm_under_lock.isra.0>:
10000990:	b5f8      	push	{r3, r4, r5, r6, r7, lr}
10000992:	4657      	mov	r7, sl
10000994:	4645      	mov	r5, r8
10000996:	464e      	mov	r6, r9
10000998:	46de      	mov	lr, fp
1000099a:	b5e0      	push	{r5, r6, r7, lr}
1000099c:	4698      	mov	r8, r3
1000099e:	ab0c      	add	r3, sp, #48	@ 0x30
100009a0:	781c      	ldrb	r4, [r3, #0]
100009a2:	ab0d      	add	r3, sp, #52	@ 0x34
100009a4:	781b      	ldrb	r3, [r3, #0]
100009a6:	0007      	movs	r7, r0
100009a8:	4691      	mov	r9, r2
100009aa:	469a      	mov	sl, r3
100009ac:	6805      	ldr	r5, [r0, #0]
100009ae:	2c00      	cmp	r4, #0
100009b0:	d159      	bne.n	10000a66 <add_alarm_under_lock.isra.0+0xd6>
100009b2:	7bac      	ldrb	r4, [r5, #14]
100009b4:	2c00      	cmp	r4, #0
100009b6:	d03b      	beq.n	10000a30 <add_alarm_under_lock.isra.0+0xa0>
100009b8:	0066      	lsls	r6, r4, #1
100009ba:	6829      	ldr	r1, [r5, #0]
100009bc:	1936      	adds	r6, r6, r4
100009be:	3e03      	subs	r6, #3
100009c0:	1989      	adds	r1, r1, r6
100009c2:	784b      	ldrb	r3, [r1, #1]
100009c4:	73ab      	strb	r3, [r5, #14]
100009c6:	2b00      	cmp	r3, #0
100009c8:	d100      	bne.n	100009cc <add_alarm_under_lock.isra.0+0x3c>
100009ca:	73eb      	strb	r3, [r5, #15]
100009cc:	2300      	movs	r3, #0
100009ce:	708b      	strb	r3, [r1, #2]
100009d0:	704b      	strb	r3, [r1, #1]
100009d2:	700b      	strb	r3, [r1, #0]
100009d4:	4b2d      	ldr	r3, [pc, #180]	@ (10000a8c <add_alarm_under_lock.isra.0+0xfc>)
100009d6:	18e2      	adds	r2, r4, r3
100009d8:	68bb      	ldr	r3, [r7, #8]
100009da:	0112      	lsls	r2, r2, #4
100009dc:	189b      	adds	r3, r3, r2
100009de:	464a      	mov	r2, r9
100009e0:	601a      	str	r2, [r3, #0]
100009e2:	4642      	mov	r2, r8
100009e4:	605a      	str	r2, [r3, #4]
100009e6:	9a0a      	ldr	r2, [sp, #40]	@ 0x28
100009e8:	609a      	str	r2, [r3, #8]
100009ea:	9a0b      	ldr	r2, [sp, #44]	@ 0x2c
100009ec:	60da      	str	r2, [r3, #12]
100009ee:	2300      	movs	r3, #0
100009f0:	708b      	strb	r3, [r1, #2]
100009f2:	704b      	strb	r3, [r1, #1]
100009f4:	700b      	strb	r3, [r1, #0]
100009f6:	7b6b      	ldrb	r3, [r5, #13]
100009f8:	469b      	mov	fp, r3
100009fa:	2b00      	cmp	r3, #0
100009fc:	d026      	beq.n	10000a4c <add_alarm_under_lock.isra.0+0xbc>
100009fe:	0022      	movs	r2, r4
10000a00:	686b      	ldr	r3, [r5, #4]
10000a02:	4659      	mov	r1, fp
10000a04:	68a8      	ldr	r0, [r5, #8]
10000a06:	4798      	blx	r3
10000a08:	465b      	mov	r3, fp
10000a0a:	005b      	lsls	r3, r3, #1
10000a0c:	445b      	add	r3, fp
10000a0e:	682a      	ldr	r2, [r5, #0]
10000a10:	3b03      	subs	r3, #3
10000a12:	2800      	cmp	r0, #0
10000a14:	d012      	beq.n	10000a3c <add_alarm_under_lock.isra.0+0xac>
10000a16:	4658      	mov	r0, fp
10000a18:	1996      	adds	r6, r2, r6
10000a1a:	70b0      	strb	r0, [r6, #2]
10000a1c:	18d1      	adds	r1, r2, r3
10000a1e:	5cd3      	ldrb	r3, [r2, r3]
10000a20:	2b00      	cmp	r3, #0
10000a22:	d000      	beq.n	10000a26 <add_alarm_under_lock.isra.0+0x96>
10000a24:	7073      	strb	r3, [r6, #1]
10000a26:	465b      	mov	r3, fp
10000a28:	700c      	strb	r4, [r1, #0]
10000a2a:	736b      	strb	r3, [r5, #13]
10000a2c:	455c      	cmp	r4, fp
10000a2e:	d00e      	beq.n	10000a4e <add_alarm_under_lock.isra.0+0xbe>
10000a30:	bcf0      	pop	{r4, r5, r6, r7}
10000a32:	46bb      	mov	fp, r7
10000a34:	46b2      	mov	sl, r6
10000a36:	46a9      	mov	r9, r5
10000a38:	46a0      	mov	r8, r4
10000a3a:	bdf8      	pop	{r3, r4, r5, r6, r7, pc}
10000a3c:	18d3      	adds	r3, r2, r3
10000a3e:	709c      	strb	r4, [r3, #2]
10000a40:	1991      	adds	r1, r2, r6
10000a42:	5d92      	ldrb	r2, [r2, r6]
10000a44:	2a00      	cmp	r2, #0
10000a46:	d11c      	bne.n	10000a82 <add_alarm_under_lock.isra.0+0xf2>
10000a48:	465b      	mov	r3, fp
10000a4a:	700b      	strb	r3, [r1, #0]
10000a4c:	736c      	strb	r4, [r5, #13]
10000a4e:	464a      	mov	r2, r9
10000a50:	4643      	mov	r3, r8
10000a52:	7d38      	ldrb	r0, [r7, #20]
10000a54:	f000 fbd2 	bl	100011fc <hardware_alarm_set_target>
10000a58:	1e05      	subs	r5, r0, #0
10000a5a:	d10a      	bne.n	10000a72 <add_alarm_under_lock.isra.0+0xe2>
10000a5c:	9b0e      	ldr	r3, [sp, #56]	@ 0x38
10000a5e:	2b00      	cmp	r3, #0
10000a60:	d0e6      	beq.n	10000a30 <add_alarm_under_lock.isra.0+0xa0>
10000a62:	701d      	strb	r5, [r3, #0]
10000a64:	e7e4      	b.n	10000a30 <add_alarm_under_lock.isra.0+0xa0>
10000a66:	0066      	lsls	r6, r4, #1
10000a68:	6829      	ldr	r1, [r5, #0]
10000a6a:	1936      	adds	r6, r6, r4
10000a6c:	3e03      	subs	r6, #3
10000a6e:	1989      	adds	r1, r1, r6
10000a70:	e7b0      	b.n	100009d4 <add_alarm_under_lock.isra.0+0x44>
10000a72:	4653      	mov	r3, sl
10000a74:	2b00      	cmp	r3, #0
10000a76:	d1f1      	bne.n	10000a5c <add_alarm_under_lock.isra.0+0xcc>
10000a78:	0021      	movs	r1, r4
10000a7a:	6838      	ldr	r0, [r7, #0]
10000a7c:	f000 fdd6 	bl	1000162c <ph_remove_and_free_node>
10000a80:	e7ec      	b.n	10000a5c <add_alarm_under_lock.isra.0+0xcc>
10000a82:	705a      	strb	r2, [r3, #1]
10000a84:	465b      	mov	r3, fp
10000a86:	700b      	strb	r3, [r1, #0]
10000a88:	736c      	strb	r4, [r5, #13]
10000a8a:	e7e0      	b.n	10000a4e <add_alarm_under_lock.isra.0+0xbe>
10000a8c:	0fffffff 	.word	0x0fffffff

10000a90 <alarm_pool_alarm_callback>:
10000a90:	b5f0      	push	{r4, r5, r6, r7, lr}
10000a92:	46de      	mov	lr, fp
10000a94:	4657      	mov	r7, sl
10000a96:	464e      	mov	r6, r9
10000a98:	4645      	mov	r5, r8
10000a9a:	2300      	movs	r3, #0
10000a9c:	b5e0      	push	{r5, r6, r7, lr}
10000a9e:	b08b      	sub	sp, #44	@ 0x2c
10000aa0:	9308      	str	r3, [sp, #32]
10000aa2:	4b68      	ldr	r3, [pc, #416]	@ (10000c44 <alarm_pool_alarm_callback+0x1b4>)
10000aa4:	0082      	lsls	r2, r0, #2
10000aa6:	58d4      	ldr	r4, [r2, r3]
10000aa8:	2300      	movs	r3, #0
10000aaa:	469b      	mov	fp, r3
10000aac:	9009      	str	r0, [sp, #36]	@ 0x24
10000aae:	f000 fb11 	bl	100010d4 <time_us_64>
10000ab2:	0002      	movs	r2, r0
10000ab4:	000b      	movs	r3, r1
10000ab6:	6860      	ldr	r0, [r4, #4]
10000ab8:	f3ef 8a10 	mrs	sl, PRIMASK
10000abc:	b672      	cpsid	i
10000abe:	4656      	mov	r6, sl
10000ac0:	6801      	ldr	r1, [r0, #0]
10000ac2:	2900      	cmp	r1, #0
10000ac4:	d0fc      	beq.n	10000ac0 <alarm_pool_alarm_callback+0x30>
10000ac6:	46b2      	mov	sl, r6
10000ac8:	f3bf 8f5f 	dmb	sy
10000acc:	6821      	ldr	r1, [r4, #0]
10000ace:	7b4f      	ldrb	r7, [r1, #13]
10000ad0:	468c      	mov	ip, r1
10000ad2:	2f00      	cmp	r7, #0
10000ad4:	d02e      	beq.n	10000b34 <alarm_pool_alarm_callback+0xa4>
10000ad6:	68a5      	ldr	r5, [r4, #8]
10000ad8:	495b      	ldr	r1, [pc, #364]	@ (10000c48 <alarm_pool_alarm_callback+0x1b8>)
10000ada:	46a9      	mov	r9, r5
10000adc:	1879      	adds	r1, r7, r1
10000ade:	0109      	lsls	r1, r1, #4
10000ae0:	4489      	add	r9, r1
10000ae2:	4649      	mov	r1, r9
10000ae4:	6808      	ldr	r0, [r1, #0]
10000ae6:	6849      	ldr	r1, [r1, #4]
10000ae8:	0005      	movs	r5, r0
10000aea:	000e      	movs	r6, r1
10000aec:	1aad      	subs	r5, r5, r2
10000aee:	419e      	sbcs	r6, r3
10000af0:	2e00      	cmp	r6, #0
10000af2:	dd5f      	ble.n	10000bb4 <alarm_pool_alarm_callback+0x124>
10000af4:	0002      	movs	r2, r0
10000af6:	000b      	movs	r3, r1
10000af8:	9809      	ldr	r0, [sp, #36]	@ 0x24
10000afa:	f000 fb7f 	bl	100011fc <hardware_alarm_set_target>
10000afe:	2300      	movs	r3, #0
10000b00:	2200      	movs	r2, #0
10000b02:	4699      	mov	r9, r3
10000b04:	2300      	movs	r3, #0
10000b06:	9206      	str	r2, [sp, #24]
10000b08:	9307      	str	r3, [sp, #28]
10000b0a:	2300      	movs	r3, #0
10000b0c:	4698      	mov	r8, r3
10000b0e:	6863      	ldr	r3, [r4, #4]
10000b10:	f3bf 8f5f 	dmb	sy
10000b14:	465a      	mov	r2, fp
10000b16:	601a      	str	r2, [r3, #0]
10000b18:	f38a 8810 	msr	PRIMASK, sl
10000b1c:	4643      	mov	r3, r8
10000b1e:	2b00      	cmp	r3, #0
10000b20:	d112      	bne.n	10000b48 <alarm_pool_alarm_callback+0xb8>
10000b22:	2800      	cmp	r0, #0
10000b24:	d1c3      	bne.n	10000aae <alarm_pool_alarm_callback+0x1e>
10000b26:	b00b      	add	sp, #44	@ 0x2c
10000b28:	bcf0      	pop	{r4, r5, r6, r7}
10000b2a:	46bb      	mov	fp, r7
10000b2c:	46b2      	mov	sl, r6
10000b2e:	46a9      	mov	r9, r5
10000b30:	46a0      	mov	r8, r4
10000b32:	bdf0      	pop	{r4, r5, r6, r7, pc}
10000b34:	2300      	movs	r3, #0
10000b36:	2200      	movs	r2, #0
10000b38:	4699      	mov	r9, r3
10000b3a:	2300      	movs	r3, #0
10000b3c:	9206      	str	r2, [sp, #24]
10000b3e:	9307      	str	r3, [sp, #28]
10000b40:	2300      	movs	r3, #0
10000b42:	2000      	movs	r0, #0
10000b44:	4698      	mov	r8, r3
10000b46:	e7e2      	b.n	10000b0e <alarm_pool_alarm_callback+0x7e>
10000b48:	9b08      	ldr	r3, [sp, #32]
10000b4a:	4649      	mov	r1, r9
10000b4c:	0218      	lsls	r0, r3, #8
10000b4e:	4338      	orrs	r0, r7
10000b50:	47c0      	blx	r8
10000b52:	6862      	ldr	r2, [r4, #4]
10000b54:	0005      	movs	r5, r0
10000b56:	000e      	movs	r6, r1
10000b58:	f3ef 8a10 	mrs	sl, PRIMASK
10000b5c:	b672      	cpsid	i
10000b5e:	6813      	ldr	r3, [r2, #0]
10000b60:	2b00      	cmp	r3, #0
10000b62:	d0fc      	beq.n	10000b5e <alarm_pool_alarm_callback+0xce>
10000b64:	f3bf 8f5f 	dmb	sy
10000b68:	2e00      	cmp	r6, #0
10000b6a:	db41      	blt.n	10000bf0 <alarm_pool_alarm_callback+0x160>
10000b6c:	002b      	movs	r3, r5
10000b6e:	4333      	orrs	r3, r6
10000b70:	d002      	beq.n	10000b78 <alarm_pool_alarm_callback+0xe8>
10000b72:	6923      	ldr	r3, [r4, #16]
10000b74:	2b00      	cmp	r3, #0
10000b76:	d156      	bne.n	10000c26 <alarm_pool_alarm_callback+0x196>
10000b78:	6823      	ldr	r3, [r4, #0]
10000b7a:	7bd9      	ldrb	r1, [r3, #15]
10000b7c:	2900      	cmp	r1, #0
10000b7e:	d005      	beq.n	10000b8c <alarm_pool_alarm_callback+0xfc>
10000b80:	681a      	ldr	r2, [r3, #0]
10000b82:	0048      	lsls	r0, r1, #1
10000b84:	1841      	adds	r1, r0, r1
10000b86:	1852      	adds	r2, r2, r1
10000b88:	3a03      	subs	r2, #3
10000b8a:	7057      	strb	r7, [r2, #1]
10000b8c:	7b9a      	ldrb	r2, [r3, #14]
10000b8e:	2a00      	cmp	r2, #0
10000b90:	d100      	bne.n	10000b94 <alarm_pool_alarm_callback+0x104>
10000b92:	739f      	strb	r7, [r3, #14]
10000b94:	73df      	strb	r7, [r3, #15]
10000b96:	68e2      	ldr	r2, [r4, #12]
10000b98:	3f01      	subs	r7, #1
10000b9a:	5dd3      	ldrb	r3, [r2, r7]
10000b9c:	3301      	adds	r3, #1
10000b9e:	55d3      	strb	r3, [r2, r7]
10000ba0:	465b      	mov	r3, fp
10000ba2:	6123      	str	r3, [r4, #16]
10000ba4:	6863      	ldr	r3, [r4, #4]
10000ba6:	f3bf 8f5f 	dmb	sy
10000baa:	465a      	mov	r2, fp
10000bac:	601a      	str	r2, [r3, #0]
10000bae:	f38a 8810 	msr	PRIMASK, sl
10000bb2:	e77c      	b.n	10000aae <alarm_pool_alarm_callback+0x1e>
10000bb4:	2e00      	cmp	r6, #0
10000bb6:	d102      	bne.n	10000bbe <alarm_pool_alarm_callback+0x12e>
10000bb8:	2d00      	cmp	r5, #0
10000bba:	d000      	beq.n	10000bbe <alarm_pool_alarm_callback+0x12e>
10000bbc:	e79a      	b.n	10000af4 <alarm_pool_alarm_callback+0x64>
10000bbe:	2100      	movs	r1, #0
10000bc0:	4660      	mov	r0, ip
10000bc2:	f000 fcb1 	bl	10001528 <ph_remove_head>
10000bc6:	464b      	mov	r3, r9
10000bc8:	681a      	ldr	r2, [r3, #0]
10000bca:	685b      	ldr	r3, [r3, #4]
10000bcc:	9206      	str	r2, [sp, #24]
10000bce:	9307      	str	r3, [sp, #28]
10000bd0:	464b      	mov	r3, r9
10000bd2:	689b      	ldr	r3, [r3, #8]
10000bd4:	4698      	mov	r8, r3
10000bd6:	464b      	mov	r3, r9
10000bd8:	68db      	ldr	r3, [r3, #12]
10000bda:	4699      	mov	r9, r3
10000bdc:	68e3      	ldr	r3, [r4, #12]
10000bde:	19db      	adds	r3, r3, r7
10000be0:	3b01      	subs	r3, #1
10000be2:	781b      	ldrb	r3, [r3, #0]
10000be4:	9308      	str	r3, [sp, #32]
10000be6:	021b      	lsls	r3, r3, #8
10000be8:	4303      	orrs	r3, r0
10000bea:	6123      	str	r3, [r4, #16]
10000bec:	2000      	movs	r0, #0
10000bee:	e78e      	b.n	10000b0e <alarm_pool_alarm_callback+0x7e>
10000bf0:	6923      	ldr	r3, [r4, #16]
10000bf2:	2b00      	cmp	r3, #0
10000bf4:	d0c0      	beq.n	10000b78 <alarm_pool_alarm_callback+0xe8>
10000bf6:	9a06      	ldr	r2, [sp, #24]
10000bf8:	9b07      	ldr	r3, [sp, #28]
10000bfa:	2180      	movs	r1, #128	@ 0x80
10000bfc:	1b52      	subs	r2, r2, r5
10000bfe:	41b3      	sbcs	r3, r6
10000c00:	0609      	lsls	r1, r1, #24
10000c02:	428b      	cmp	r3, r1
10000c04:	d302      	bcc.n	10000c0c <alarm_pool_alarm_callback+0x17c>
10000c06:	2201      	movs	r2, #1
10000c08:	4b10      	ldr	r3, [pc, #64]	@ (10000c4c <alarm_pool_alarm_callback+0x1bc>)
10000c0a:	4252      	negs	r2, r2
10000c0c:	2100      	movs	r1, #0
10000c0e:	9104      	str	r1, [sp, #16]
10000c10:	3101      	adds	r1, #1
10000c12:	9103      	str	r1, [sp, #12]
10000c14:	4649      	mov	r1, r9
10000c16:	9101      	str	r1, [sp, #4]
10000c18:	4641      	mov	r1, r8
10000c1a:	0020      	movs	r0, r4
10000c1c:	9702      	str	r7, [sp, #8]
10000c1e:	9100      	str	r1, [sp, #0]
10000c20:	f7ff feb6 	bl	10000990 <add_alarm_under_lock.isra.0>
10000c24:	e7bc      	b.n	10000ba0 <alarm_pool_alarm_callback+0x110>
10000c26:	f000 fa55 	bl	100010d4 <time_us_64>
10000c2a:	002a      	movs	r2, r5
10000c2c:	0033      	movs	r3, r6
10000c2e:	1812      	adds	r2, r2, r0
10000c30:	414b      	adcs	r3, r1
10000c32:	2180      	movs	r1, #128	@ 0x80
10000c34:	0609      	lsls	r1, r1, #24
10000c36:	428b      	cmp	r3, r1
10000c38:	d3e8      	bcc.n	10000c0c <alarm_pool_alarm_callback+0x17c>
10000c3a:	2201      	movs	r2, #1
10000c3c:	4b03      	ldr	r3, [pc, #12]	@ (10000c4c <alarm_pool_alarm_callback+0x1bc>)
10000c3e:	4252      	negs	r2, r2
10000c40:	e7e4      	b.n	10000c0c <alarm_pool_alarm_callback+0x17c>
10000c42:	46c0      	nop			@ (mov r8, r8)
10000c44:	2000050c 	.word	0x2000050c
10000c48:	0fffffff 	.word	0x0fffffff
10000c4c:	7fffffff 	.word	0x7fffffff

10000c50 <alarm_pool_init_default>:
10000c50:	b510      	push	{r4, lr}
10000c52:	4c14      	ldr	r4, [pc, #80]	@ (10000ca4 <alarm_pool_init_default+0x54>)
10000c54:	6863      	ldr	r3, [r4, #4]
10000c56:	2b00      	cmp	r3, #0
10000c58:	d004      	beq.n	10000c64 <alarm_pool_init_default+0x14>
10000c5a:	210a      	movs	r1, #10
10000c5c:	4812      	ldr	r0, [pc, #72]	@ (10000ca8 <alarm_pool_init_default+0x58>)
10000c5e:	f7ff fe41 	bl	100008e4 <lock_init>
10000c62:	bd10      	pop	{r4, pc}
10000c64:	0023      	movs	r3, r4
10000c66:	4a11      	ldr	r2, [pc, #68]	@ (10000cac <alarm_pool_init_default+0x5c>)
10000c68:	2110      	movs	r1, #16
10000c6a:	6820      	ldr	r0, [r4, #0]
10000c6c:	f000 fb78 	bl	10001360 <ph_post_alloc_init>
10000c70:	2003      	movs	r0, #3
10000c72:	f000 fa23 	bl	100010bc <hardware_alarm_claim>
10000c76:	2003      	movs	r0, #3
10000c78:	f000 fb28 	bl	100012cc <hardware_alarm_cancel>
10000c7c:	2003      	movs	r0, #3
10000c7e:	490c      	ldr	r1, [pc, #48]	@ (10000cb0 <alarm_pool_init_default+0x60>)
10000c80:	f000 fa76 	bl	10001170 <hardware_alarm_set_callback>
10000c84:	f7ff fc90 	bl	100005a8 <next_striped_spin_lock_num>
10000c88:	4b0a      	ldr	r3, [pc, #40]	@ (10000cb4 <alarm_pool_init_default+0x64>)
10000c8a:	469c      	mov	ip, r3
10000c8c:	2303      	movs	r3, #3
10000c8e:	7523      	strb	r3, [r4, #20]
10000c90:	23d0      	movs	r3, #208	@ 0xd0
10000c92:	061b      	lsls	r3, r3, #24
10000c94:	681b      	ldr	r3, [r3, #0]
10000c96:	4460      	add	r0, ip
10000c98:	7563      	strb	r3, [r4, #21]
10000c9a:	4b07      	ldr	r3, [pc, #28]	@ (10000cb8 <alarm_pool_init_default+0x68>)
10000c9c:	0080      	lsls	r0, r0, #2
10000c9e:	6060      	str	r0, [r4, #4]
10000ca0:	60dc      	str	r4, [r3, #12]
10000ca2:	e7da      	b.n	10000c5a <alarm_pool_init_default+0xa>
10000ca4:	200001e4 	.word	0x200001e4
10000ca8:	20000620 	.word	0x20000620
10000cac:	1000092d 	.word	0x1000092d
10000cb0:	10000a91 	.word	0x10000a91
10000cb4:	34000040 	.word	0x34000040
10000cb8:	2000050c 	.word	0x2000050c

10000cbc <alarm_pool_add_alarm_at>:
10000cbc:	b5f0      	push	{r4, r5, r6, r7, lr}
10000cbe:	4657      	mov	r7, sl
10000cc0:	464e      	mov	r6, r9
10000cc2:	4645      	mov	r5, r8
10000cc4:	46de      	mov	lr, fp
10000cc6:	b5e0      	push	{r5, r6, r7, lr}
10000cc8:	b085      	sub	sp, #20
10000cca:	9301      	str	r3, [sp, #4]
10000ccc:	ab10      	add	r3, sp, #64	@ 0x40
10000cce:	781b      	ldrb	r3, [r3, #0]
10000cd0:	0006      	movs	r6, r0
10000cd2:	9303      	str	r3, [sp, #12]
10000cd4:	2300      	movs	r3, #0
10000cd6:	469a      	mov	sl, r3
10000cd8:	4698      	mov	r8, r3
10000cda:	9200      	str	r2, [sp, #0]
10000cdc:	6872      	ldr	r2, [r6, #4]
10000cde:	f3ef 8b10 	mrs	fp, PRIMASK
10000ce2:	b672      	cpsid	i
10000ce4:	6813      	ldr	r3, [r2, #0]
10000ce6:	2b00      	cmp	r3, #0
10000ce8:	d0fc      	beq.n	10000ce4 <alarm_pool_add_alarm_at+0x28>
10000cea:	f3bf 8f5f 	dmb	sy
10000cee:	6835      	ldr	r5, [r6, #0]
10000cf0:	7bac      	ldrb	r4, [r5, #14]
10000cf2:	2c00      	cmp	r4, #0
10000cf4:	d100      	bne.n	10000cf8 <alarm_pool_add_alarm_at+0x3c>
10000cf6:	e06e      	b.n	10000dd6 <alarm_pool_add_alarm_at+0x11a>
10000cf8:	0067      	lsls	r7, r4, #1
10000cfa:	682b      	ldr	r3, [r5, #0]
10000cfc:	193f      	adds	r7, r7, r4
10000cfe:	3f03      	subs	r7, #3
10000d00:	19db      	adds	r3, r3, r7
10000d02:	785a      	ldrb	r2, [r3, #1]
10000d04:	73aa      	strb	r2, [r5, #14]
10000d06:	2a00      	cmp	r2, #0
10000d08:	d100      	bne.n	10000d0c <alarm_pool_add_alarm_at+0x50>
10000d0a:	73ea      	strb	r2, [r5, #15]
10000d0c:	4a48      	ldr	r2, [pc, #288]	@ (10000e30 <alarm_pool_add_alarm_at+0x174>)
10000d0e:	18a1      	adds	r1, r4, r2
10000d10:	68b2      	ldr	r2, [r6, #8]
10000d12:	0109      	lsls	r1, r1, #4
10000d14:	1852      	adds	r2, r2, r1
10000d16:	9800      	ldr	r0, [sp, #0]
10000d18:	9901      	ldr	r1, [sp, #4]
10000d1a:	6010      	str	r0, [r2, #0]
10000d1c:	6051      	str	r1, [r2, #4]
10000d1e:	990e      	ldr	r1, [sp, #56]	@ 0x38
10000d20:	6091      	str	r1, [r2, #8]
10000d22:	990f      	ldr	r1, [sp, #60]	@ 0x3c
10000d24:	60d1      	str	r1, [r2, #12]
10000d26:	4642      	mov	r2, r8
10000d28:	709a      	strb	r2, [r3, #2]
10000d2a:	705a      	strb	r2, [r3, #1]
10000d2c:	701a      	strb	r2, [r3, #0]
10000d2e:	7b6b      	ldrb	r3, [r5, #13]
10000d30:	4699      	mov	r9, r3
10000d32:	2b00      	cmp	r3, #0
10000d34:	d100      	bne.n	10000d38 <alarm_pool_add_alarm_at+0x7c>
10000d36:	e06b      	b.n	10000e10 <alarm_pool_add_alarm_at+0x154>
10000d38:	0022      	movs	r2, r4
10000d3a:	686b      	ldr	r3, [r5, #4]
10000d3c:	4649      	mov	r1, r9
10000d3e:	68a8      	ldr	r0, [r5, #8]
10000d40:	4798      	blx	r3
10000d42:	464b      	mov	r3, r9
10000d44:	005b      	lsls	r3, r3, #1
10000d46:	444b      	add	r3, r9
10000d48:	682a      	ldr	r2, [r5, #0]
10000d4a:	3b03      	subs	r3, #3
10000d4c:	2800      	cmp	r0, #0
10000d4e:	d056      	beq.n	10000dfe <alarm_pool_add_alarm_at+0x142>
10000d50:	4648      	mov	r0, r9
10000d52:	19d7      	adds	r7, r2, r7
10000d54:	70b8      	strb	r0, [r7, #2]
10000d56:	18d1      	adds	r1, r2, r3
10000d58:	5cd3      	ldrb	r3, [r2, r3]
10000d5a:	2b00      	cmp	r3, #0
10000d5c:	d000      	beq.n	10000d60 <alarm_pool_add_alarm_at+0xa4>
10000d5e:	707b      	strb	r3, [r7, #1]
10000d60:	464b      	mov	r3, r9
10000d62:	700c      	strb	r4, [r1, #0]
10000d64:	736b      	strb	r3, [r5, #13]
10000d66:	454c      	cmp	r4, r9
10000d68:	d053      	beq.n	10000e12 <alarm_pool_add_alarm_at+0x156>
10000d6a:	68f3      	ldr	r3, [r6, #12]
10000d6c:	191b      	adds	r3, r3, r4
10000d6e:	3b01      	subs	r3, #1
10000d70:	7818      	ldrb	r0, [r3, #0]
10000d72:	6873      	ldr	r3, [r6, #4]
10000d74:	f3bf 8f5f 	dmb	sy
10000d78:	4642      	mov	r2, r8
10000d7a:	601a      	str	r2, [r3, #0]
10000d7c:	f38b 8810 	msr	PRIMASK, fp
10000d80:	4653      	mov	r3, sl
10000d82:	2b00      	cmp	r3, #0
10000d84:	d108      	bne.n	10000d98 <alarm_pool_add_alarm_at+0xdc>
10000d86:	0200      	lsls	r0, r0, #8
10000d88:	4320      	orrs	r0, r4
10000d8a:	b005      	add	sp, #20
10000d8c:	bcf0      	pop	{r4, r5, r6, r7}
10000d8e:	46bb      	mov	fp, r7
10000d90:	46b2      	mov	sl, r6
10000d92:	46a9      	mov	r9, r5
10000d94:	46a0      	mov	r8, r4
10000d96:	bdf0      	pop	{r4, r5, r6, r7, pc}
10000d98:	9b03      	ldr	r3, [sp, #12]
10000d9a:	2b00      	cmp	r3, #0
10000d9c:	d046      	beq.n	10000e2c <alarm_pool_add_alarm_at+0x170>
10000d9e:	9b0e      	ldr	r3, [sp, #56]	@ 0x38
10000da0:	2000      	movs	r0, #0
10000da2:	990f      	ldr	r1, [sp, #60]	@ 0x3c
10000da4:	4798      	blx	r3
10000da6:	0003      	movs	r3, r0
10000da8:	430b      	orrs	r3, r1
10000daa:	d03f      	beq.n	10000e2c <alarm_pool_add_alarm_at+0x170>
10000dac:	0004      	movs	r4, r0
10000dae:	1e0d      	subs	r5, r1, #0
10000db0:	da1a      	bge.n	10000de8 <alarm_pool_add_alarm_at+0x12c>
10000db2:	9a00      	ldr	r2, [sp, #0]
10000db4:	9b01      	ldr	r3, [sp, #4]
10000db6:	1b12      	subs	r2, r2, r4
10000db8:	41ab      	sbcs	r3, r5
10000dba:	9200      	str	r2, [sp, #0]
10000dbc:	9301      	str	r3, [sp, #4]
10000dbe:	2280      	movs	r2, #128	@ 0x80
10000dc0:	0612      	lsls	r2, r2, #24
10000dc2:	4293      	cmp	r3, r2
10000dc4:	d304      	bcc.n	10000dd0 <alarm_pool_add_alarm_at+0x114>
10000dc6:	2301      	movs	r3, #1
10000dc8:	4c1a      	ldr	r4, [pc, #104]	@ (10000e34 <alarm_pool_add_alarm_at+0x178>)
10000dca:	425b      	negs	r3, r3
10000dcc:	9300      	str	r3, [sp, #0]
10000dce:	9401      	str	r4, [sp, #4]
10000dd0:	9b03      	ldr	r3, [sp, #12]
10000dd2:	469a      	mov	sl, r3
10000dd4:	e782      	b.n	10000cdc <alarm_pool_add_alarm_at+0x20>
10000dd6:	6873      	ldr	r3, [r6, #4]
10000dd8:	f3bf 8f5f 	dmb	sy
10000ddc:	601c      	str	r4, [r3, #0]
10000dde:	f38b 8810 	msr	PRIMASK, fp
10000de2:	2001      	movs	r0, #1
10000de4:	4240      	negs	r0, r0
10000de6:	e7d0      	b.n	10000d8a <alarm_pool_add_alarm_at+0xce>
10000de8:	f000 f974 	bl	100010d4 <time_us_64>
10000dec:	2280      	movs	r2, #128	@ 0x80
10000dee:	1900      	adds	r0, r0, r4
10000df0:	4169      	adcs	r1, r5
10000df2:	0612      	lsls	r2, r2, #24
10000df4:	9000      	str	r0, [sp, #0]
10000df6:	9101      	str	r1, [sp, #4]
10000df8:	4291      	cmp	r1, r2
10000dfa:	d3e9      	bcc.n	10000dd0 <alarm_pool_add_alarm_at+0x114>
10000dfc:	e7e3      	b.n	10000dc6 <alarm_pool_add_alarm_at+0x10a>
10000dfe:	18d3      	adds	r3, r2, r3
10000e00:	709c      	strb	r4, [r3, #2]
10000e02:	19d1      	adds	r1, r2, r7
10000e04:	5dd2      	ldrb	r2, [r2, r7]
10000e06:	2a00      	cmp	r2, #0
10000e08:	d000      	beq.n	10000e0c <alarm_pool_add_alarm_at+0x150>
10000e0a:	705a      	strb	r2, [r3, #1]
10000e0c:	464b      	mov	r3, r9
10000e0e:	700b      	strb	r3, [r1, #0]
10000e10:	736c      	strb	r4, [r5, #13]
10000e12:	7d30      	ldrb	r0, [r6, #20]
10000e14:	9a00      	ldr	r2, [sp, #0]
10000e16:	9b01      	ldr	r3, [sp, #4]
10000e18:	f000 f9f0 	bl	100011fc <hardware_alarm_set_target>
10000e1c:	4682      	mov	sl, r0
10000e1e:	2800      	cmp	r0, #0
10000e20:	d0a3      	beq.n	10000d6a <alarm_pool_add_alarm_at+0xae>
10000e22:	0021      	movs	r1, r4
10000e24:	6830      	ldr	r0, [r6, #0]
10000e26:	f000 fc01 	bl	1000162c <ph_remove_and_free_node>
10000e2a:	e79e      	b.n	10000d6a <alarm_pool_add_alarm_at+0xae>
10000e2c:	2000      	movs	r0, #0
10000e2e:	e7ac      	b.n	10000d8a <alarm_pool_add_alarm_at+0xce>
10000e30:	0fffffff 	.word	0x0fffffff
10000e34:	7fffffff 	.word	0x7fffffff

10000e38 <sleep_until>:
10000e38:	b5f0      	push	{r4, r5, r6, r7, lr}
10000e3a:	0004      	movs	r4, r0
10000e3c:	000d      	movs	r5, r1
10000e3e:	2606      	movs	r6, #6
10000e40:	4276      	negs	r6, r6
10000e42:	17f7      	asrs	r7, r6, #31
10000e44:	46c6      	mov	lr, r8
10000e46:	1936      	adds	r6, r6, r4
10000e48:	416f      	adcs	r7, r5
10000e4a:	b500      	push	{lr}
10000e4c:	b084      	sub	sp, #16
10000e4e:	428f      	cmp	r7, r1
10000e50:	d814      	bhi.n	10000e7c <sleep_until+0x44>
10000e52:	d011      	beq.n	10000e78 <sleep_until+0x40>
10000e54:	f000 f93e 	bl	100010d4 <time_us_64>
10000e58:	0032      	movs	r2, r6
10000e5a:	003b      	movs	r3, r7
10000e5c:	1a12      	subs	r2, r2, r0
10000e5e:	418b      	sbcs	r3, r1
10000e60:	2b00      	cmp	r3, #0
10000e62:	dc15      	bgt.n	10000e90 <sleep_until+0x58>
10000e64:	2b00      	cmp	r3, #0
10000e66:	d03e      	beq.n	10000ee6 <sleep_until+0xae>
10000e68:	0020      	movs	r0, r4
10000e6a:	0029      	movs	r1, r5
10000e6c:	f000 f970 	bl	10001150 <busy_wait_until>
10000e70:	b004      	add	sp, #16
10000e72:	bc80      	pop	{r7}
10000e74:	46b8      	mov	r8, r7
10000e76:	bdf0      	pop	{r4, r5, r6, r7, pc}
10000e78:	4286      	cmp	r6, r0
10000e7a:	d9eb      	bls.n	10000e54 <sleep_until+0x1c>
10000e7c:	2600      	movs	r6, #0
10000e7e:	2700      	movs	r7, #0
10000e80:	f000 f928 	bl	100010d4 <time_us_64>
10000e84:	0032      	movs	r2, r6
10000e86:	003b      	movs	r3, r7
10000e88:	1a12      	subs	r2, r2, r0
10000e8a:	418b      	sbcs	r3, r1
10000e8c:	2b00      	cmp	r3, #0
10000e8e:	dde9      	ble.n	10000e64 <sleep_until+0x2c>
10000e90:	2300      	movs	r3, #0
10000e92:	9302      	str	r3, [sp, #8]
10000e94:	9301      	str	r3, [sp, #4]
10000e96:	4b15      	ldr	r3, [pc, #84]	@ (10000eec <sleep_until+0xb4>)
10000e98:	0032      	movs	r2, r6
10000e9a:	9300      	str	r3, [sp, #0]
10000e9c:	4814      	ldr	r0, [pc, #80]	@ (10000ef0 <sleep_until+0xb8>)
10000e9e:	003b      	movs	r3, r7
10000ea0:	f7ff ff0c 	bl	10000cbc <alarm_pool_add_alarm_at>
10000ea4:	2800      	cmp	r0, #0
10000ea6:	dbdf      	blt.n	10000e68 <sleep_until+0x30>
10000ea8:	2300      	movs	r3, #0
10000eaa:	4698      	mov	r8, r3
10000eac:	46bc      	mov	ip, r7
10000eae:	4a11      	ldr	r2, [pc, #68]	@ (10000ef4 <sleep_until+0xbc>)
10000eb0:	4f11      	ldr	r7, [pc, #68]	@ (10000ef8 <sleep_until+0xc0>)
10000eb2:	6a7b      	ldr	r3, [r7, #36]	@ 0x24
10000eb4:	459c      	cmp	ip, r3
10000eb6:	d804      	bhi.n	10000ec2 <sleep_until+0x8a>
10000eb8:	6ab9      	ldr	r1, [r7, #40]	@ 0x28
10000eba:	428e      	cmp	r6, r1
10000ebc:	d9d4      	bls.n	10000e68 <sleep_until+0x30>
10000ebe:	459c      	cmp	ip, r3
10000ec0:	d1d2      	bne.n	10000e68 <sleep_until+0x30>
10000ec2:	6811      	ldr	r1, [r2, #0]
10000ec4:	f3ef 8010 	mrs	r0, PRIMASK
10000ec8:	b672      	cpsid	i
10000eca:	680b      	ldr	r3, [r1, #0]
10000ecc:	2b00      	cmp	r3, #0
10000ece:	d0fc      	beq.n	10000eca <sleep_until+0x92>
10000ed0:	f3bf 8f5f 	dmb	sy
10000ed4:	6813      	ldr	r3, [r2, #0]
10000ed6:	f3bf 8f5f 	dmb	sy
10000eda:	4641      	mov	r1, r8
10000edc:	6019      	str	r1, [r3, #0]
10000ede:	f380 8810 	msr	PRIMASK, r0
10000ee2:	bf20      	wfe
10000ee4:	e7e5      	b.n	10000eb2 <sleep_until+0x7a>
10000ee6:	2a00      	cmp	r2, #0
10000ee8:	d0be      	beq.n	10000e68 <sleep_until+0x30>
10000eea:	e7d1      	b.n	10000e90 <sleep_until+0x58>
10000eec:	10000961 	.word	0x10000961
10000ef0:	200001e4 	.word	0x200001e4
10000ef4:	20000620 	.word	0x20000620
10000ef8:	40054000 	.word	0x40054000

10000efc <sleep_ms>:
10000efc:	b570      	push	{r4, r5, r6, lr}
10000efe:	0006      	movs	r6, r0
10000f00:	f000 f8e8 	bl	100010d4 <time_us_64>
10000f04:	22fa      	movs	r2, #250	@ 0xfa
10000f06:	0004      	movs	r4, r0
10000f08:	000d      	movs	r5, r1
10000f0a:	2300      	movs	r3, #0
10000f0c:	0030      	movs	r0, r6
10000f0e:	2100      	movs	r1, #0
10000f10:	0092      	lsls	r2, r2, #2
10000f12:	f000 ffe7 	bl	10001ee4 <__wrap___aeabi_lmul>
10000f16:	2380      	movs	r3, #128	@ 0x80
10000f18:	1900      	adds	r0, r0, r4
10000f1a:	4169      	adcs	r1, r5
10000f1c:	061b      	lsls	r3, r3, #24
10000f1e:	4299      	cmp	r1, r3
10000f20:	d302      	bcc.n	10000f28 <sleep_ms+0x2c>
10000f22:	2001      	movs	r0, #1
10000f24:	4902      	ldr	r1, [pc, #8]	@ (10000f30 <sleep_ms+0x34>)
10000f26:	4240      	negs	r0, r0
10000f28:	f7ff ff86 	bl	10000e38 <sleep_until>
10000f2c:	bd70      	pop	{r4, r5, r6, pc}
10000f2e:	46c0      	nop			@ (mov r8, r8)
10000f30:	7fffffff 	.word	0x7fffffff

10000f34 <best_effort_wfe_or_timeout>:
10000f34:	b5f0      	push	{r4, r5, r6, r7, lr}
10000f36:	f3ef 8305 	mrs	r3, IPSR
10000f3a:	46ce      	mov	lr, r9
10000f3c:	4647      	mov	r7, r8
10000f3e:	b580      	push	{r7, lr}
10000f40:	0005      	movs	r5, r0
10000f42:	000c      	movs	r4, r1
10000f44:	b085      	sub	sp, #20
10000f46:	2b00      	cmp	r3, #0
10000f48:	d012      	beq.n	10000f70 <best_effort_wfe_or_timeout+0x3c>
10000f4a:	4a2a      	ldr	r2, [pc, #168]	@ (10000ff4 <best_effort_wfe_or_timeout+0xc0>)
10000f4c:	2000      	movs	r0, #0
10000f4e:	6a53      	ldr	r3, [r2, #36]	@ 0x24
10000f50:	42a3      	cmp	r3, r4
10000f52:	d303      	bcc.n	10000f5c <best_effort_wfe_or_timeout+0x28>
10000f54:	6a92      	ldr	r2, [r2, #40]	@ 0x28
10000f56:	3001      	adds	r0, #1
10000f58:	42aa      	cmp	r2, r5
10000f5a:	d304      	bcc.n	10000f66 <best_effort_wfe_or_timeout+0x32>
10000f5c:	b005      	add	sp, #20
10000f5e:	bcc0      	pop	{r6, r7}
10000f60:	46b9      	mov	r9, r7
10000f62:	46b0      	mov	r8, r6
10000f64:	bdf0      	pop	{r4, r5, r6, r7, pc}
10000f66:	1b1b      	subs	r3, r3, r4
10000f68:	1e5a      	subs	r2, r3, #1
10000f6a:	4193      	sbcs	r3, r2
10000f6c:	b2d8      	uxtb	r0, r3
10000f6e:	e7f5      	b.n	10000f5c <best_effort_wfe_or_timeout+0x28>
10000f70:	4e21      	ldr	r6, [pc, #132]	@ (10000ff8 <best_effort_wfe_or_timeout+0xc4>)
10000f72:	9302      	str	r3, [sp, #8]
10000f74:	9301      	str	r3, [sp, #4]
10000f76:	4b21      	ldr	r3, [pc, #132]	@ (10000ffc <best_effort_wfe_or_timeout+0xc8>)
10000f78:	0002      	movs	r2, r0
10000f7a:	9300      	str	r3, [sp, #0]
10000f7c:	0030      	movs	r0, r6
10000f7e:	000b      	movs	r3, r1
10000f80:	f7ff fe9c 	bl	10000cbc <alarm_pool_add_alarm_at>
10000f84:	1e03      	subs	r3, r0, #0
10000f86:	dde0      	ble.n	10000f4a <best_effort_wfe_or_timeout+0x16>
10000f88:	bf20      	wfe
10000f8a:	6871      	ldr	r1, [r6, #4]
10000f8c:	f3ef 8710 	mrs	r7, PRIMASK
10000f90:	b672      	cpsid	i
10000f92:	680a      	ldr	r2, [r1, #0]
10000f94:	2a00      	cmp	r2, #0
10000f96:	d0fc      	beq.n	10000f92 <best_effort_wfe_or_timeout+0x5e>
10000f98:	f3bf 8f5f 	dmb	sy
10000f9c:	b2da      	uxtb	r2, r3
10000f9e:	4694      	mov	ip, r2
10000fa0:	22ff      	movs	r2, #255	@ 0xff
10000fa2:	6830      	ldr	r0, [r6, #0]
10000fa4:	401a      	ands	r2, r3
10000fa6:	7b41      	ldrb	r1, [r0, #13]
10000fa8:	4561      	cmp	r1, ip
10000faa:	d00f      	beq.n	10000fcc <best_effort_wfe_or_timeout+0x98>
10000fac:	6801      	ldr	r1, [r0, #0]
10000fae:	4689      	mov	r9, r1
10000fb0:	0051      	lsls	r1, r2, #1
10000fb2:	4688      	mov	r8, r1
10000fb4:	4649      	mov	r1, r9
10000fb6:	4490      	add	r8, r2
10000fb8:	4441      	add	r1, r8
10000fba:	3903      	subs	r1, #3
10000fbc:	7889      	ldrb	r1, [r1, #2]
10000fbe:	2900      	cmp	r1, #0
10000fc0:	d104      	bne.n	10000fcc <best_effort_wfe_or_timeout+0x98>
10000fc2:	6932      	ldr	r2, [r6, #16]
10000fc4:	4293      	cmp	r3, r2
10000fc6:	d109      	bne.n	10000fdc <best_effort_wfe_or_timeout+0xa8>
10000fc8:	6131      	str	r1, [r6, #16]
10000fca:	e007      	b.n	10000fdc <best_effort_wfe_or_timeout+0xa8>
10000fcc:	68f1      	ldr	r1, [r6, #12]
10000fce:	0a1b      	lsrs	r3, r3, #8
10000fd0:	188a      	adds	r2, r1, r2
10000fd2:	3a01      	subs	r2, #1
10000fd4:	7812      	ldrb	r2, [r2, #0]
10000fd6:	b2db      	uxtb	r3, r3
10000fd8:	429a      	cmp	r2, r3
10000fda:	d007      	beq.n	10000fec <best_effort_wfe_or_timeout+0xb8>
10000fdc:	6873      	ldr	r3, [r6, #4]
10000fde:	f3bf 8f5f 	dmb	sy
10000fe2:	2200      	movs	r2, #0
10000fe4:	601a      	str	r2, [r3, #0]
10000fe6:	f387 8810 	msr	PRIMASK, r7
10000fea:	e7ae      	b.n	10000f4a <best_effort_wfe_or_timeout+0x16>
10000fec:	4661      	mov	r1, ip
10000fee:	f000 fb1d 	bl	1000162c <ph_remove_and_free_node>
10000ff2:	e7f3      	b.n	10000fdc <best_effort_wfe_or_timeout+0xa8>
10000ff4:	40054000 	.word	0x40054000
10000ff8:	200001e4 	.word	0x200001e4
10000ffc:	10000961 	.word	0x10000961

10001000 <hardware_alarm_irq_handler>:
10001000:	b5f0      	push	{r4, r5, r6, r7, lr}
10001002:	f3ef 8205 	mrs	r2, IPSR
10001006:	46d6      	mov	lr, sl
10001008:	464f      	mov	r7, r9
1000100a:	4646      	mov	r6, r8
1000100c:	0010      	movs	r0, r2
1000100e:	b5c0      	push	{r6, r7, lr}
10001010:	3810      	subs	r0, #16
10001012:	f3ef 8810 	mrs	r8, PRIMASK
10001016:	b672      	cpsid	i
10001018:	4c21      	ldr	r4, [pc, #132]	@ (100010a0 <hardware_alarm_irq_handler+0xa0>)
1000101a:	6823      	ldr	r3, [r4, #0]
1000101c:	2b00      	cmp	r3, #0
1000101e:	d0fc      	beq.n	1000101a <hardware_alarm_irq_handler+0x1a>
10001020:	f3bf 8f5f 	dmb	sy
10001024:	2301      	movs	r3, #1
10001026:	0019      	movs	r1, r3
10001028:	4081      	lsls	r1, r0
1000102a:	4d1e      	ldr	r5, [pc, #120]	@ (100010a4 <hardware_alarm_irq_handler+0xa4>)
1000102c:	001f      	movs	r7, r3
1000102e:	6369      	str	r1, [r5, #52]	@ 0x34
10001030:	46aa      	mov	sl, r5
10001032:	4d1d      	ldr	r5, [pc, #116]	@ (100010a8 <hardware_alarm_irq_handler+0xa8>)
10001034:	6029      	str	r1, [r5, #0]
10001036:	4d1d      	ldr	r5, [pc, #116]	@ (100010ac <hardware_alarm_irq_handler+0xac>)
10001038:	782e      	ldrb	r6, [r5, #0]
1000103a:	46ac      	mov	ip, r5
1000103c:	0035      	movs	r5, r6
1000103e:	40c5      	lsrs	r5, r0
10001040:	402f      	ands	r7, r5
10001042:	422b      	tst	r3, r5
10001044:	d015      	beq.n	10001072 <hardware_alarm_irq_handler+0x72>
10001046:	4653      	mov	r3, sl
10001048:	6a5f      	ldr	r7, [r3, #36]	@ 0x24
1000104a:	4b19      	ldr	r3, [pc, #100]	@ (100010b0 <hardware_alarm_irq_handler+0xb0>)
1000104c:	0085      	lsls	r5, r0, #2
1000104e:	58eb      	ldr	r3, [r5, r3]
10001050:	429f      	cmp	r7, r3
10001052:	d318      	bcc.n	10001086 <hardware_alarm_irq_handler+0x86>
10001054:	4662      	mov	r2, ip
10001056:	4b17      	ldr	r3, [pc, #92]	@ (100010b4 <hardware_alarm_irq_handler+0xb4>)
10001058:	438e      	bics	r6, r1
1000105a:	58eb      	ldr	r3, [r5, r3]
1000105c:	7016      	strb	r6, [r2, #0]
1000105e:	f3bf 8f5f 	dmb	sy
10001062:	2200      	movs	r2, #0
10001064:	6022      	str	r2, [r4, #0]
10001066:	f388 8810 	msr	PRIMASK, r8
1000106a:	2b00      	cmp	r3, #0
1000106c:	d006      	beq.n	1000107c <hardware_alarm_irq_handler+0x7c>
1000106e:	4798      	blx	r3
10001070:	e004      	b.n	1000107c <hardware_alarm_irq_handler+0x7c>
10001072:	f3bf 8f5f 	dmb	sy
10001076:	6027      	str	r7, [r4, #0]
10001078:	f388 8810 	msr	PRIMASK, r8
1000107c:	bce0      	pop	{r5, r6, r7}
1000107e:	46ba      	mov	sl, r7
10001080:	46b1      	mov	r9, r6
10001082:	46a8      	mov	r8, r5
10001084:	bdf0      	pop	{r4, r5, r6, r7, pc}
10001086:	4b0c      	ldr	r3, [pc, #48]	@ (100010b8 <hardware_alarm_irq_handler+0xb8>)
10001088:	0092      	lsls	r2, r2, #2
1000108a:	469c      	mov	ip, r3
1000108c:	4462      	add	r2, ip
1000108e:	6813      	ldr	r3, [r2, #0]
10001090:	6013      	str	r3, [r2, #0]
10001092:	f3bf 8f5f 	dmb	sy
10001096:	2300      	movs	r3, #0
10001098:	6023      	str	r3, [r4, #0]
1000109a:	f388 8810 	msr	PRIMASK, r8
1000109e:	e7ed      	b.n	1000107c <hardware_alarm_irq_handler+0x7c>
100010a0:	d0000128 	.word	0xd0000128
100010a4:	40054000 	.word	0x40054000
100010a8:	4005703c 	.word	0x4005703c
100010ac:	2000063e 	.word	0x2000063e
100010b0:	20000624 	.word	0x20000624
100010b4:	20000490 	.word	0x20000490
100010b8:	40053fd0 	.word	0x40053fd0

100010bc <hardware_alarm_claim>:
100010bc:	b510      	push	{r4, lr}
100010be:	4b03      	ldr	r3, [pc, #12]	@ (100010cc <hardware_alarm_claim+0x10>)
100010c0:	0001      	movs	r1, r0
100010c2:	0018      	movs	r0, r3
100010c4:	4a02      	ldr	r2, [pc, #8]	@ (100010d0 <hardware_alarm_claim+0x14>)
100010c6:	f7ff fa3f 	bl	10000548 <hw_claim_or_assert>
100010ca:	bd10      	pop	{r4, pc}
100010cc:	2000063c 	.word	0x2000063c
100010d0:	10002450 	.word	0x10002450

100010d4 <time_us_64>:
100010d4:	4b03      	ldr	r3, [pc, #12]	@ (100010e4 <time_us_64+0x10>)
100010d6:	6a59      	ldr	r1, [r3, #36]	@ 0x24
100010d8:	000a      	movs	r2, r1
100010da:	6a98      	ldr	r0, [r3, #40]	@ 0x28
100010dc:	6a59      	ldr	r1, [r3, #36]	@ 0x24
100010de:	428a      	cmp	r2, r1
100010e0:	d1fa      	bne.n	100010d8 <time_us_64+0x4>
100010e2:	4770      	bx	lr
100010e4:	40054000 	.word	0x40054000

100010e8 <busy_wait_us>:
100010e8:	b570      	push	{r4, r5, r6, lr}
100010ea:	0004      	movs	r4, r0
100010ec:	000d      	movs	r5, r1
100010ee:	4a17      	ldr	r2, [pc, #92]	@ (1000114c <busy_wait_us+0x64>)
100010f0:	6a53      	ldr	r3, [r2, #36]	@ 0x24
100010f2:	0019      	movs	r1, r3
100010f4:	6a96      	ldr	r6, [r2, #40]	@ 0x28
100010f6:	6a53      	ldr	r3, [r2, #36]	@ 0x24
100010f8:	428b      	cmp	r3, r1
100010fa:	d1fa      	bne.n	100010f2 <busy_wait_us+0xa>
100010fc:	0030      	movs	r0, r6
100010fe:	0019      	movs	r1, r3
10001100:	1824      	adds	r4, r4, r0
10001102:	414d      	adcs	r5, r1
10001104:	42ab      	cmp	r3, r5
10001106:	d816      	bhi.n	10001136 <busy_wait_us+0x4e>
10001108:	d013      	beq.n	10001132 <busy_wait_us+0x4a>
1000110a:	4b10      	ldr	r3, [pc, #64]	@ (1000114c <busy_wait_us+0x64>)
1000110c:	002a      	movs	r2, r5
1000110e:	6a5b      	ldr	r3, [r3, #36]	@ 0x24
10001110:	429d      	cmp	r5, r3
10001112:	d903      	bls.n	1000111c <busy_wait_us+0x34>
10001114:	490d      	ldr	r1, [pc, #52]	@ (1000114c <busy_wait_us+0x64>)
10001116:	6a4b      	ldr	r3, [r1, #36]	@ 0x24
10001118:	4293      	cmp	r3, r2
1000111a:	d3fc      	bcc.n	10001116 <busy_wait_us+0x2e>
1000111c:	4293      	cmp	r3, r2
1000111e:	d107      	bne.n	10001130 <busy_wait_us+0x48>
10001120:	4a0a      	ldr	r2, [pc, #40]	@ (1000114c <busy_wait_us+0x64>)
10001122:	e002      	b.n	1000112a <busy_wait_us+0x42>
10001124:	6a51      	ldr	r1, [r2, #36]	@ 0x24
10001126:	4299      	cmp	r1, r3
10001128:	d102      	bne.n	10001130 <busy_wait_us+0x48>
1000112a:	6a91      	ldr	r1, [r2, #40]	@ 0x28
1000112c:	42a1      	cmp	r1, r4
1000112e:	d3f9      	bcc.n	10001124 <busy_wait_us+0x3c>
10001130:	bd70      	pop	{r4, r5, r6, pc}
10001132:	42a6      	cmp	r6, r4
10001134:	d9e9      	bls.n	1000110a <busy_wait_us+0x22>
10001136:	4b05      	ldr	r3, [pc, #20]	@ (1000114c <busy_wait_us+0x64>)
10001138:	6a5b      	ldr	r3, [r3, #36]	@ 0x24
1000113a:	001c      	movs	r4, r3
1000113c:	1c5a      	adds	r2, r3, #1
1000113e:	d0ef      	beq.n	10001120 <busy_wait_us+0x38>
10001140:	2201      	movs	r2, #1
10001142:	2401      	movs	r4, #1
10001144:	4264      	negs	r4, r4
10001146:	17e5      	asrs	r5, r4, #31
10001148:	4252      	negs	r2, r2
1000114a:	e7e3      	b.n	10001114 <busy_wait_us+0x2c>
1000114c:	40054000 	.word	0x40054000

10001150 <busy_wait_until>:
10001150:	4a06      	ldr	r2, [pc, #24]	@ (1000116c <busy_wait_until+0x1c>)
10001152:	6a53      	ldr	r3, [r2, #36]	@ 0x24
10001154:	4299      	cmp	r1, r3
10001156:	d8fc      	bhi.n	10001152 <busy_wait_until+0x2>
10001158:	d107      	bne.n	1000116a <busy_wait_until+0x1a>
1000115a:	4b04      	ldr	r3, [pc, #16]	@ (1000116c <busy_wait_until+0x1c>)
1000115c:	e002      	b.n	10001164 <busy_wait_until+0x14>
1000115e:	6a5a      	ldr	r2, [r3, #36]	@ 0x24
10001160:	4291      	cmp	r1, r2
10001162:	d102      	bne.n	1000116a <busy_wait_until+0x1a>
10001164:	6a9a      	ldr	r2, [r3, #40]	@ 0x28
10001166:	4282      	cmp	r2, r0
10001168:	d3f9      	bcc.n	1000115e <busy_wait_until+0xe>
1000116a:	4770      	bx	lr
1000116c:	40054000 	.word	0x40054000

10001170 <hardware_alarm_set_callback>:
10001170:	b570      	push	{r4, r5, r6, lr}
10001172:	0004      	movs	r4, r0
10001174:	000d      	movs	r5, r1
10001176:	f3ef 8610 	mrs	r6, PRIMASK
1000117a:	b672      	cpsid	i
1000117c:	4a1a      	ldr	r2, [pc, #104]	@ (100011e8 <hardware_alarm_set_callback+0x78>)
1000117e:	6813      	ldr	r3, [r2, #0]
10001180:	2b00      	cmp	r3, #0
10001182:	d0fc      	beq.n	1000117e <hardware_alarm_set_callback+0xe>
10001184:	f3bf 8f5f 	dmb	sy
10001188:	2d00      	cmp	r5, #0
1000118a:	d01b      	beq.n	100011c4 <hardware_alarm_set_callback+0x54>
1000118c:	0020      	movs	r0, r4
1000118e:	f7ff fa29 	bl	100005e4 <irq_get_vtable_handler>
10001192:	4916      	ldr	r1, [pc, #88]	@ (100011ec <hardware_alarm_set_callback+0x7c>)
10001194:	4281      	cmp	r1, r0
10001196:	d00a      	beq.n	100011ae <hardware_alarm_set_callback+0x3e>
10001198:	0020      	movs	r0, r4
1000119a:	f7ff fa2b 	bl	100005f4 <irq_set_exclusive_handler>
1000119e:	2101      	movs	r1, #1
100011a0:	0020      	movs	r0, r4
100011a2:	f7ff fa0d 	bl	100005c0 <irq_set_enabled>
100011a6:	2301      	movs	r3, #1
100011a8:	40a3      	lsls	r3, r4
100011aa:	4a11      	ldr	r2, [pc, #68]	@ (100011f0 <hardware_alarm_set_callback+0x80>)
100011ac:	6013      	str	r3, [r2, #0]
100011ae:	4b11      	ldr	r3, [pc, #68]	@ (100011f4 <hardware_alarm_set_callback+0x84>)
100011b0:	00a4      	lsls	r4, r4, #2
100011b2:	50e5      	str	r5, [r4, r3]
100011b4:	f3bf 8f5f 	dmb	sy
100011b8:	2200      	movs	r2, #0
100011ba:	4b0b      	ldr	r3, [pc, #44]	@ (100011e8 <hardware_alarm_set_callback+0x78>)
100011bc:	601a      	str	r2, [r3, #0]
100011be:	f386 8810 	msr	PRIMASK, r6
100011c2:	bd70      	pop	{r4, r5, r6, pc}
100011c4:	2101      	movs	r1, #1
100011c6:	40a1      	lsls	r1, r4
100011c8:	4b0a      	ldr	r3, [pc, #40]	@ (100011f4 <hardware_alarm_set_callback+0x84>)
100011ca:	00a2      	lsls	r2, r4, #2
100011cc:	50d5      	str	r5, [r2, r3]
100011ce:	4b0a      	ldr	r3, [pc, #40]	@ (100011f8 <hardware_alarm_set_callback+0x88>)
100011d0:	0020      	movs	r0, r4
100011d2:	781a      	ldrb	r2, [r3, #0]
100011d4:	438a      	bics	r2, r1
100011d6:	4905      	ldr	r1, [pc, #20]	@ (100011ec <hardware_alarm_set_callback+0x7c>)
100011d8:	701a      	strb	r2, [r3, #0]
100011da:	f7ff fa35 	bl	10000648 <irq_remove_handler>
100011de:	2100      	movs	r1, #0
100011e0:	0020      	movs	r0, r4
100011e2:	f7ff f9ed 	bl	100005c0 <irq_set_enabled>
100011e6:	e7e5      	b.n	100011b4 <hardware_alarm_set_callback+0x44>
100011e8:	d0000128 	.word	0xd0000128
100011ec:	10001001 	.word	0x10001001
100011f0:	40056038 	.word	0x40056038
100011f4:	20000490 	.word	0x20000490
100011f8:	2000063e 	.word	0x2000063e

100011fc <hardware_alarm_set_target>:
100011fc:	b5f0      	push	{r4, r5, r6, r7, lr}
100011fe:	464f      	mov	r7, r9
10001200:	46d6      	mov	lr, sl
10001202:	4646      	mov	r6, r8
10001204:	b5c0      	push	{r6, r7, lr}
10001206:	0007      	movs	r7, r0
10001208:	4c2b      	ldr	r4, [pc, #172]	@ (100012b8 <hardware_alarm_set_target+0xbc>)
1000120a:	6a61      	ldr	r1, [r4, #36]	@ 0x24
1000120c:	000d      	movs	r5, r1
1000120e:	6aa6      	ldr	r6, [r4, #40]	@ 0x28
10001210:	6a61      	ldr	r1, [r4, #36]	@ 0x24
10001212:	42a9      	cmp	r1, r5
10001214:	d1fa      	bne.n	1000120c <hardware_alarm_set_target+0x10>
10001216:	428b      	cmp	r3, r1
10001218:	d808      	bhi.n	1000122c <hardware_alarm_set_target+0x30>
1000121a:	d005      	beq.n	10001228 <hardware_alarm_set_target+0x2c>
1000121c:	2001      	movs	r0, #1
1000121e:	bce0      	pop	{r5, r6, r7}
10001220:	46ba      	mov	sl, r7
10001222:	46b1      	mov	r9, r6
10001224:	46a8      	mov	r8, r5
10001226:	bdf0      	pop	{r4, r5, r6, r7, pc}
10001228:	42b2      	cmp	r2, r6
1000122a:	d9f7      	bls.n	1000121c <hardware_alarm_set_target+0x20>
1000122c:	f3ef 8a10 	mrs	sl, PRIMASK
10001230:	b672      	cpsid	i
10001232:	4822      	ldr	r0, [pc, #136]	@ (100012bc <hardware_alarm_set_target+0xc0>)
10001234:	6801      	ldr	r1, [r0, #0]
10001236:	2900      	cmp	r1, #0
10001238:	d0fc      	beq.n	10001234 <hardware_alarm_set_target+0x38>
1000123a:	f3bf 8f5f 	dmb	sy
1000123e:	2501      	movs	r5, #1
10001240:	40bd      	lsls	r5, r7
10001242:	491f      	ldr	r1, [pc, #124]	@ (100012c0 <hardware_alarm_set_target+0xc4>)
10001244:	4c1c      	ldr	r4, [pc, #112]	@ (100012b8 <hardware_alarm_set_target+0xbc>)
10001246:	4688      	mov	r8, r1
10001248:	7809      	ldrb	r1, [r1, #0]
1000124a:	4689      	mov	r9, r1
1000124c:	4329      	orrs	r1, r5
1000124e:	b2c9      	uxtb	r1, r1
10001250:	468c      	mov	ip, r1
10001252:	4641      	mov	r1, r8
10001254:	4660      	mov	r0, ip
10001256:	7008      	strb	r0, [r1, #0]
10001258:	1d39      	adds	r1, r7, #4
1000125a:	0089      	lsls	r1, r1, #2
1000125c:	6365      	str	r5, [r4, #52]	@ 0x34
1000125e:	510a      	str	r2, [r1, r4]
10001260:	4918      	ldr	r1, [pc, #96]	@ (100012c4 <hardware_alarm_set_target+0xc8>)
10001262:	00b8      	lsls	r0, r7, #2
10001264:	5043      	str	r3, [r0, r1]
10001266:	6a21      	ldr	r1, [r4, #32]
10001268:	2000      	movs	r0, #0
1000126a:	4229      	tst	r1, r5
1000126c:	d019      	beq.n	100012a2 <hardware_alarm_set_target+0xa6>
1000126e:	6a61      	ldr	r1, [r4, #36]	@ 0x24
10001270:	0008      	movs	r0, r1
10001272:	6aa6      	ldr	r6, [r4, #40]	@ 0x28
10001274:	6a61      	ldr	r1, [r4, #36]	@ 0x24
10001276:	4281      	cmp	r1, r0
10001278:	d1fa      	bne.n	10001270 <hardware_alarm_set_target+0x74>
1000127a:	428b      	cmp	r3, r1
1000127c:	d819      	bhi.n	100012b2 <hardware_alarm_set_target+0xb6>
1000127e:	d101      	bne.n	10001284 <hardware_alarm_set_target+0x88>
10001280:	42b2      	cmp	r2, r6
10001282:	d816      	bhi.n	100012b2 <hardware_alarm_set_target+0xb6>
10001284:	45cc      	cmp	ip, r9
10001286:	d00b      	beq.n	100012a0 <hardware_alarm_set_target+0xa4>
10001288:	4b0b      	ldr	r3, [pc, #44]	@ (100012b8 <hardware_alarm_set_target+0xbc>)
1000128a:	221f      	movs	r2, #31
1000128c:	621d      	str	r5, [r3, #32]
1000128e:	635d      	str	r5, [r3, #52]	@ 0x34
10001290:	2301      	movs	r3, #1
10001292:	403a      	ands	r2, r7
10001294:	4093      	lsls	r3, r2
10001296:	4a0c      	ldr	r2, [pc, #48]	@ (100012c8 <hardware_alarm_set_target+0xcc>)
10001298:	6013      	str	r3, [r2, #0]
1000129a:	4643      	mov	r3, r8
1000129c:	464a      	mov	r2, r9
1000129e:	701a      	strb	r2, [r3, #0]
100012a0:	2001      	movs	r0, #1
100012a2:	f3bf 8f5f 	dmb	sy
100012a6:	2200      	movs	r2, #0
100012a8:	4b04      	ldr	r3, [pc, #16]	@ (100012bc <hardware_alarm_set_target+0xc0>)
100012aa:	601a      	str	r2, [r3, #0]
100012ac:	f38a 8810 	msr	PRIMASK, sl
100012b0:	e7b5      	b.n	1000121e <hardware_alarm_set_target+0x22>
100012b2:	2000      	movs	r0, #0
100012b4:	e7f5      	b.n	100012a2 <hardware_alarm_set_target+0xa6>
100012b6:	46c0      	nop			@ (mov r8, r8)
100012b8:	40054000 	.word	0x40054000
100012bc:	d0000128 	.word	0xd0000128
100012c0:	2000063e 	.word	0x2000063e
100012c4:	20000624 	.word	0x20000624
100012c8:	e000e280 	.word	0xe000e280

100012cc <hardware_alarm_cancel>:
100012cc:	f3ef 8c10 	mrs	ip, PRIMASK
100012d0:	b672      	cpsid	i
100012d2:	490a      	ldr	r1, [pc, #40]	@ (100012fc <hardware_alarm_cancel+0x30>)
100012d4:	680b      	ldr	r3, [r1, #0]
100012d6:	2b00      	cmp	r3, #0
100012d8:	d0fc      	beq.n	100012d4 <hardware_alarm_cancel+0x8>
100012da:	f3bf 8f5f 	dmb	sy
100012de:	2301      	movs	r3, #1
100012e0:	4083      	lsls	r3, r0
100012e2:	4a07      	ldr	r2, [pc, #28]	@ (10001300 <hardware_alarm_cancel+0x34>)
100012e4:	4807      	ldr	r0, [pc, #28]	@ (10001304 <hardware_alarm_cancel+0x38>)
100012e6:	6213      	str	r3, [r2, #32]
100012e8:	7802      	ldrb	r2, [r0, #0]
100012ea:	439a      	bics	r2, r3
100012ec:	7002      	strb	r2, [r0, #0]
100012ee:	f3bf 8f5f 	dmb	sy
100012f2:	2300      	movs	r3, #0
100012f4:	600b      	str	r3, [r1, #0]
100012f6:	f38c 8810 	msr	PRIMASK, ip
100012fa:	4770      	bx	lr
100012fc:	d0000128 	.word	0xd0000128
10001300:	40054000 	.word	0x40054000
10001304:	2000063e 	.word	0x2000063e

10001308 <ph_merge_nodes>:
10001308:	b570      	push	{r4, r5, r6, lr}
1000130a:	0006      	movs	r6, r0
1000130c:	000d      	movs	r5, r1
1000130e:	0014      	movs	r4, r2
10001310:	2900      	cmp	r1, #0
10001312:	d01d      	beq.n	10001350 <ph_merge_nodes+0x48>
10001314:	2a00      	cmp	r2, #0
10001316:	d012      	beq.n	1000133e <ph_merge_nodes+0x36>
10001318:	6873      	ldr	r3, [r6, #4]
1000131a:	6880      	ldr	r0, [r0, #8]
1000131c:	4798      	blx	r3
1000131e:	0062      	lsls	r2, r4, #1
10001320:	006b      	lsls	r3, r5, #1
10001322:	1912      	adds	r2, r2, r4
10001324:	195b      	adds	r3, r3, r5
10001326:	6831      	ldr	r1, [r6, #0]
10001328:	3a03      	subs	r2, #3
1000132a:	3b03      	subs	r3, #3
1000132c:	2800      	cmp	r0, #0
1000132e:	d008      	beq.n	10001342 <ph_merge_nodes+0x3a>
10001330:	188a      	adds	r2, r1, r2
10001332:	7095      	strb	r5, [r2, #2]
10001334:	18c8      	adds	r0, r1, r3
10001336:	5ccb      	ldrb	r3, [r1, r3]
10001338:	2b00      	cmp	r3, #0
1000133a:	d10b      	bne.n	10001354 <ph_merge_nodes+0x4c>
1000133c:	7004      	strb	r4, [r0, #0]
1000133e:	0028      	movs	r0, r5
10001340:	bd70      	pop	{r4, r5, r6, pc}
10001342:	18cb      	adds	r3, r1, r3
10001344:	709c      	strb	r4, [r3, #2]
10001346:	1888      	adds	r0, r1, r2
10001348:	5c8a      	ldrb	r2, [r1, r2]
1000134a:	2a00      	cmp	r2, #0
1000134c:	d105      	bne.n	1000135a <ph_merge_nodes+0x52>
1000134e:	7005      	strb	r5, [r0, #0]
10001350:	0020      	movs	r0, r4
10001352:	e7f5      	b.n	10001340 <ph_merge_nodes+0x38>
10001354:	7053      	strb	r3, [r2, #1]
10001356:	7004      	strb	r4, [r0, #0]
10001358:	e7f1      	b.n	1000133e <ph_merge_nodes+0x36>
1000135a:	705a      	strb	r2, [r3, #1]
1000135c:	7005      	strb	r5, [r0, #0]
1000135e:	e7f7      	b.n	10001350 <ph_merge_nodes+0x48>

10001360 <ph_post_alloc_init>:
10001360:	b510      	push	{r4, lr}
10001362:	6083      	str	r3, [r0, #8]
10001364:	2300      	movs	r3, #0
10001366:	b2cc      	uxtb	r4, r1
10001368:	7343      	strb	r3, [r0, #13]
1000136a:	3301      	adds	r3, #1
1000136c:	6042      	str	r2, [r0, #4]
1000136e:	7304      	strb	r4, [r0, #12]
10001370:	7383      	strb	r3, [r0, #14]
10001372:	73c4      	strb	r4, [r0, #15]
10001374:	6800      	ldr	r0, [r0, #0]
10001376:	1c42      	adds	r2, r0, #1
10001378:	2c01      	cmp	r4, #1
1000137a:	d905      	bls.n	10001388 <ph_post_alloc_init+0x28>
1000137c:	3301      	adds	r3, #1
1000137e:	b2db      	uxtb	r3, r3
10001380:	7013      	strb	r3, [r2, #0]
10001382:	3203      	adds	r2, #3
10001384:	429c      	cmp	r4, r3
10001386:	d1f9      	bne.n	1000137c <ph_post_alloc_init+0x1c>
10001388:	23ff      	movs	r3, #255	@ 0xff
1000138a:	400b      	ands	r3, r1
1000138c:	005a      	lsls	r2, r3, #1
1000138e:	18d3      	adds	r3, r2, r3
10001390:	18c0      	adds	r0, r0, r3
10001392:	2300      	movs	r3, #0
10001394:	3803      	subs	r0, #3
10001396:	7043      	strb	r3, [r0, #1]
10001398:	bd10      	pop	{r4, pc}
1000139a:	46c0      	nop			@ (mov r8, r8)

1000139c <ph_merge_two_pass>:
1000139c:	b570      	push	{r4, r5, r6, lr}
1000139e:	0005      	movs	r5, r0
100013a0:	1e0c      	subs	r4, r1, #0
100013a2:	d007      	beq.n	100013b4 <ph_merge_two_pass+0x18>
100013a4:	0063      	lsls	r3, r4, #1
100013a6:	6801      	ldr	r1, [r0, #0]
100013a8:	191b      	adds	r3, r3, r4
100013aa:	3b03      	subs	r3, #3
100013ac:	18cb      	adds	r3, r1, r3
100013ae:	785a      	ldrb	r2, [r3, #1]
100013b0:	2a00      	cmp	r2, #0
100013b2:	d101      	bne.n	100013b8 <ph_merge_two_pass+0x1c>
100013b4:	0020      	movs	r0, r4
100013b6:	bd70      	pop	{r4, r5, r6, pc}
100013b8:	0050      	lsls	r0, r2, #1
100013ba:	1880      	adds	r0, r0, r2
100013bc:	3803      	subs	r0, #3
100013be:	1809      	adds	r1, r1, r0
100013c0:	2000      	movs	r0, #0
100013c2:	784e      	ldrb	r6, [r1, #1]
100013c4:	7048      	strb	r0, [r1, #1]
100013c6:	0021      	movs	r1, r4
100013c8:	7058      	strb	r0, [r3, #1]
100013ca:	0028      	movs	r0, r5
100013cc:	f7ff ff9c 	bl	10001308 <ph_merge_nodes>
100013d0:	0031      	movs	r1, r6
100013d2:	0004      	movs	r4, r0
100013d4:	0028      	movs	r0, r5
100013d6:	f7ff ffe1 	bl	1000139c <ph_merge_two_pass>
100013da:	0006      	movs	r6, r0
100013dc:	2c00      	cmp	r4, #0
100013de:	d020      	beq.n	10001422 <ph_merge_two_pass+0x86>
100013e0:	2800      	cmp	r0, #0
100013e2:	d0e7      	beq.n	100013b4 <ph_merge_two_pass+0x18>
100013e4:	0032      	movs	r2, r6
100013e6:	0021      	movs	r1, r4
100013e8:	686b      	ldr	r3, [r5, #4]
100013ea:	68a8      	ldr	r0, [r5, #8]
100013ec:	4798      	blx	r3
100013ee:	0072      	lsls	r2, r6, #1
100013f0:	0063      	lsls	r3, r4, #1
100013f2:	1992      	adds	r2, r2, r6
100013f4:	191b      	adds	r3, r3, r4
100013f6:	6829      	ldr	r1, [r5, #0]
100013f8:	3a03      	subs	r2, #3
100013fa:	3b03      	subs	r3, #3
100013fc:	2800      	cmp	r0, #0
100013fe:	d008      	beq.n	10001412 <ph_merge_two_pass+0x76>
10001400:	188a      	adds	r2, r1, r2
10001402:	7094      	strb	r4, [r2, #2]
10001404:	18c8      	adds	r0, r1, r3
10001406:	5ccb      	ldrb	r3, [r1, r3]
10001408:	2b00      	cmp	r3, #0
1000140a:	d000      	beq.n	1000140e <ph_merge_two_pass+0x72>
1000140c:	7053      	strb	r3, [r2, #1]
1000140e:	7006      	strb	r6, [r0, #0]
10001410:	e7d0      	b.n	100013b4 <ph_merge_two_pass+0x18>
10001412:	18cb      	adds	r3, r1, r3
10001414:	709e      	strb	r6, [r3, #2]
10001416:	1888      	adds	r0, r1, r2
10001418:	5c8a      	ldrb	r2, [r1, r2]
1000141a:	2a00      	cmp	r2, #0
1000141c:	d000      	beq.n	10001420 <ph_merge_two_pass+0x84>
1000141e:	705a      	strb	r2, [r3, #1]
10001420:	7004      	strb	r4, [r0, #0]
10001422:	0034      	movs	r4, r6
10001424:	e7c6      	b.n	100013b4 <ph_merge_two_pass+0x18>
10001426:	46c0      	nop			@ (mov r8, r8)

10001428 <ph_remove_any_head>:
10001428:	b5f0      	push	{r4, r5, r6, r7, lr}
1000142a:	4657      	mov	r7, sl
1000142c:	4645      	mov	r5, r8
1000142e:	46de      	mov	lr, fp
10001430:	464e      	mov	r6, r9
10001432:	b5e0      	push	{r5, r6, r7, lr}
10001434:	000d      	movs	r5, r1
10001436:	006f      	lsls	r7, r5, #1
10001438:	6801      	ldr	r1, [r0, #0]
1000143a:	197f      	adds	r7, r7, r5
1000143c:	3f03      	subs	r7, #3
1000143e:	0004      	movs	r4, r0
10001440:	5dc8      	ldrb	r0, [r1, r7]
10001442:	b083      	sub	sp, #12
10001444:	9201      	str	r2, [sp, #4]
10001446:	19ca      	adds	r2, r1, r7
10001448:	2800      	cmp	r0, #0
1000144a:	d050      	beq.n	100014ee <ph_remove_any_head+0xc6>
1000144c:	0043      	lsls	r3, r0, #1
1000144e:	181b      	adds	r3, r3, r0
10001450:	3b03      	subs	r3, #3
10001452:	18cb      	adds	r3, r1, r3
10001454:	785e      	ldrb	r6, [r3, #1]
10001456:	46b4      	mov	ip, r6
10001458:	2e00      	cmp	r6, #0
1000145a:	d11a      	bne.n	10001492 <ph_remove_any_head+0x6a>
1000145c:	9e01      	ldr	r6, [sp, #4]
1000145e:	2e00      	cmp	r6, #0
10001460:	d042      	beq.n	100014e8 <ph_remove_any_head+0xc0>
10001462:	7be6      	ldrb	r6, [r4, #15]
10001464:	2e00      	cmp	r6, #0
10001466:	d004      	beq.n	10001472 <ph_remove_any_head+0x4a>
10001468:	0073      	lsls	r3, r6, #1
1000146a:	199b      	adds	r3, r3, r6
1000146c:	18cb      	adds	r3, r1, r3
1000146e:	3b03      	subs	r3, #3
10001470:	705d      	strb	r5, [r3, #1]
10001472:	7ba3      	ldrb	r3, [r4, #14]
10001474:	2b00      	cmp	r3, #0
10001476:	d100      	bne.n	1000147a <ph_remove_any_head+0x52>
10001478:	73a5      	strb	r5, [r4, #14]
1000147a:	73e5      	strb	r5, [r4, #15]
1000147c:	2800      	cmp	r0, #0
1000147e:	d12f      	bne.n	100014e0 <ph_remove_any_head+0xb8>
10001480:	2300      	movs	r3, #0
10001482:	7053      	strb	r3, [r2, #1]
10001484:	b003      	add	sp, #12
10001486:	bcf0      	pop	{r4, r5, r6, r7}
10001488:	46bb      	mov	fp, r7
1000148a:	46b2      	mov	sl, r6
1000148c:	46a9      	mov	r9, r5
1000148e:	46a0      	mov	r8, r4
10001490:	bdf0      	pop	{r4, r5, r6, r7, pc}
10001492:	0072      	lsls	r2, r6, #1
10001494:	4462      	add	r2, ip
10001496:	3a03      	subs	r2, #3
10001498:	188a      	adds	r2, r1, r2
1000149a:	7851      	ldrb	r1, [r2, #1]
1000149c:	4688      	mov	r8, r1
1000149e:	2100      	movs	r1, #0
100014a0:	7051      	strb	r1, [r2, #1]
100014a2:	4689      	mov	r9, r1
100014a4:	7059      	strb	r1, [r3, #1]
100014a6:	0032      	movs	r2, r6
100014a8:	0001      	movs	r1, r0
100014aa:	0020      	movs	r0, r4
100014ac:	f7ff ff2c 	bl	10001308 <ph_merge_nodes>
100014b0:	4643      	mov	r3, r8
100014b2:	4682      	mov	sl, r0
100014b4:	2b00      	cmp	r3, #0
100014b6:	d007      	beq.n	100014c8 <ph_remove_any_head+0xa0>
100014b8:	005b      	lsls	r3, r3, #1
100014ba:	6821      	ldr	r1, [r4, #0]
100014bc:	4443      	add	r3, r8
100014be:	3b03      	subs	r3, #3
100014c0:	18cb      	adds	r3, r1, r3
100014c2:	785a      	ldrb	r2, [r3, #1]
100014c4:	2a00      	cmp	r2, #0
100014c6:	d116      	bne.n	100014f6 <ph_remove_any_head+0xce>
100014c8:	4642      	mov	r2, r8
100014ca:	4651      	mov	r1, sl
100014cc:	0020      	movs	r0, r4
100014ce:	f7ff ff1b 	bl	10001308 <ph_merge_nodes>
100014d2:	6821      	ldr	r1, [r4, #0]
100014d4:	9b01      	ldr	r3, [sp, #4]
100014d6:	19ca      	adds	r2, r1, r7
100014d8:	2b00      	cmp	r3, #0
100014da:	d1c2      	bne.n	10001462 <ph_remove_any_head+0x3a>
100014dc:	2800      	cmp	r0, #0
100014de:	d0cf      	beq.n	10001480 <ph_remove_any_head+0x58>
100014e0:	0043      	lsls	r3, r0, #1
100014e2:	181b      	adds	r3, r3, r0
100014e4:	3b03      	subs	r3, #3
100014e6:	18cb      	adds	r3, r1, r3
100014e8:	2100      	movs	r1, #0
100014ea:	7099      	strb	r1, [r3, #2]
100014ec:	e7c8      	b.n	10001480 <ph_remove_any_head+0x58>
100014ee:	9b01      	ldr	r3, [sp, #4]
100014f0:	2b00      	cmp	r3, #0
100014f2:	d1b6      	bne.n	10001462 <ph_remove_any_head+0x3a>
100014f4:	e7c4      	b.n	10001480 <ph_remove_any_head+0x58>
100014f6:	0050      	lsls	r0, r2, #1
100014f8:	1880      	adds	r0, r0, r2
100014fa:	3803      	subs	r0, #3
100014fc:	1809      	adds	r1, r1, r0
100014fe:	7848      	ldrb	r0, [r1, #1]
10001500:	4683      	mov	fp, r0
10001502:	4648      	mov	r0, r9
10001504:	7048      	strb	r0, [r1, #1]
10001506:	7058      	strb	r0, [r3, #1]
10001508:	4641      	mov	r1, r8
1000150a:	0020      	movs	r0, r4
1000150c:	f7ff fefc 	bl	10001308 <ph_merge_nodes>
10001510:	4659      	mov	r1, fp
10001512:	4680      	mov	r8, r0
10001514:	0020      	movs	r0, r4
10001516:	f7ff ff41 	bl	1000139c <ph_merge_two_pass>
1000151a:	4641      	mov	r1, r8
1000151c:	0002      	movs	r2, r0
1000151e:	0020      	movs	r0, r4
10001520:	f7ff fef2 	bl	10001308 <ph_merge_nodes>
10001524:	4680      	mov	r8, r0
10001526:	e7cf      	b.n	100014c8 <ph_remove_any_head+0xa0>

10001528 <ph_remove_head>:
10001528:	b5f0      	push	{r4, r5, r6, r7, lr}
1000152a:	4657      	mov	r7, sl
1000152c:	4645      	mov	r5, r8
1000152e:	46de      	mov	lr, fp
10001530:	464e      	mov	r6, r9
10001532:	b5e0      	push	{r5, r6, r7, lr}
10001534:	b083      	sub	sp, #12
10001536:	9101      	str	r1, [sp, #4]
10001538:	7b45      	ldrb	r5, [r0, #13]
1000153a:	0004      	movs	r4, r0
1000153c:	006f      	lsls	r7, r5, #1
1000153e:	6800      	ldr	r0, [r0, #0]
10001540:	197f      	adds	r7, r7, r5
10001542:	3f03      	subs	r7, #3
10001544:	5dc1      	ldrb	r1, [r0, r7]
10001546:	19c2      	adds	r2, r0, r7
10001548:	2900      	cmp	r1, #0
1000154a:	d052      	beq.n	100015f2 <ph_remove_head+0xca>
1000154c:	004b      	lsls	r3, r1, #1
1000154e:	185b      	adds	r3, r3, r1
10001550:	3b03      	subs	r3, #3
10001552:	18c3      	adds	r3, r0, r3
10001554:	785e      	ldrb	r6, [r3, #1]
10001556:	46b4      	mov	ip, r6
10001558:	2e00      	cmp	r6, #0
1000155a:	d11c      	bne.n	10001596 <ph_remove_head+0x6e>
1000155c:	9e01      	ldr	r6, [sp, #4]
1000155e:	2e00      	cmp	r6, #0
10001560:	d044      	beq.n	100015ec <ph_remove_head+0xc4>
10001562:	7be6      	ldrb	r6, [r4, #15]
10001564:	2e00      	cmp	r6, #0
10001566:	d004      	beq.n	10001572 <ph_remove_head+0x4a>
10001568:	0073      	lsls	r3, r6, #1
1000156a:	199b      	adds	r3, r3, r6
1000156c:	18c3      	adds	r3, r0, r3
1000156e:	3b03      	subs	r3, #3
10001570:	705d      	strb	r5, [r3, #1]
10001572:	7ba3      	ldrb	r3, [r4, #14]
10001574:	2b00      	cmp	r3, #0
10001576:	d100      	bne.n	1000157a <ph_remove_head+0x52>
10001578:	73a5      	strb	r5, [r4, #14]
1000157a:	73e5      	strb	r5, [r4, #15]
1000157c:	2900      	cmp	r1, #0
1000157e:	d131      	bne.n	100015e4 <ph_remove_head+0xbc>
10001580:	2300      	movs	r3, #0
10001582:	0028      	movs	r0, r5
10001584:	7053      	strb	r3, [r2, #1]
10001586:	7361      	strb	r1, [r4, #13]
10001588:	b003      	add	sp, #12
1000158a:	bcf0      	pop	{r4, r5, r6, r7}
1000158c:	46bb      	mov	fp, r7
1000158e:	46b2      	mov	sl, r6
10001590:	46a9      	mov	r9, r5
10001592:	46a0      	mov	r8, r4
10001594:	bdf0      	pop	{r4, r5, r6, r7, pc}
10001596:	0072      	lsls	r2, r6, #1
10001598:	4462      	add	r2, ip
1000159a:	3a03      	subs	r2, #3
1000159c:	1882      	adds	r2, r0, r2
1000159e:	7850      	ldrb	r0, [r2, #1]
100015a0:	4680      	mov	r8, r0
100015a2:	2000      	movs	r0, #0
100015a4:	7050      	strb	r0, [r2, #1]
100015a6:	4681      	mov	r9, r0
100015a8:	7058      	strb	r0, [r3, #1]
100015aa:	0032      	movs	r2, r6
100015ac:	0020      	movs	r0, r4
100015ae:	f7ff feab 	bl	10001308 <ph_merge_nodes>
100015b2:	4643      	mov	r3, r8
100015b4:	4682      	mov	sl, r0
100015b6:	2b00      	cmp	r3, #0
100015b8:	d007      	beq.n	100015ca <ph_remove_head+0xa2>
100015ba:	005b      	lsls	r3, r3, #1
100015bc:	6821      	ldr	r1, [r4, #0]
100015be:	4443      	add	r3, r8
100015c0:	3b03      	subs	r3, #3
100015c2:	18cb      	adds	r3, r1, r3
100015c4:	785a      	ldrb	r2, [r3, #1]
100015c6:	2a00      	cmp	r2, #0
100015c8:	d117      	bne.n	100015fa <ph_remove_head+0xd2>
100015ca:	4642      	mov	r2, r8
100015cc:	4651      	mov	r1, sl
100015ce:	0020      	movs	r0, r4
100015d0:	f7ff fe9a 	bl	10001308 <ph_merge_nodes>
100015d4:	9b01      	ldr	r3, [sp, #4]
100015d6:	0001      	movs	r1, r0
100015d8:	6820      	ldr	r0, [r4, #0]
100015da:	19c2      	adds	r2, r0, r7
100015dc:	2b00      	cmp	r3, #0
100015de:	d1c0      	bne.n	10001562 <ph_remove_head+0x3a>
100015e0:	2900      	cmp	r1, #0
100015e2:	d0cd      	beq.n	10001580 <ph_remove_head+0x58>
100015e4:	004b      	lsls	r3, r1, #1
100015e6:	185b      	adds	r3, r3, r1
100015e8:	3b03      	subs	r3, #3
100015ea:	18c3      	adds	r3, r0, r3
100015ec:	2000      	movs	r0, #0
100015ee:	7098      	strb	r0, [r3, #2]
100015f0:	e7c6      	b.n	10001580 <ph_remove_head+0x58>
100015f2:	9b01      	ldr	r3, [sp, #4]
100015f4:	2b00      	cmp	r3, #0
100015f6:	d1b4      	bne.n	10001562 <ph_remove_head+0x3a>
100015f8:	e7c2      	b.n	10001580 <ph_remove_head+0x58>
100015fa:	0050      	lsls	r0, r2, #1
100015fc:	1880      	adds	r0, r0, r2
100015fe:	3803      	subs	r0, #3
10001600:	1809      	adds	r1, r1, r0
10001602:	7848      	ldrb	r0, [r1, #1]
10001604:	4683      	mov	fp, r0
10001606:	4648      	mov	r0, r9
10001608:	7048      	strb	r0, [r1, #1]
1000160a:	7058      	strb	r0, [r3, #1]
1000160c:	4641      	mov	r1, r8
1000160e:	0020      	movs	r0, r4
10001610:	f7ff fe7a 	bl	10001308 <ph_merge_nodes>
10001614:	4659      	mov	r1, fp
10001616:	4680      	mov	r8, r0
10001618:	0020      	movs	r0, r4
1000161a:	f7ff febf 	bl	1000139c <ph_merge_two_pass>
1000161e:	4641      	mov	r1, r8
10001620:	0002      	movs	r2, r0
10001622:	0020      	movs	r0, r4
10001624:	f7ff fe70 	bl	10001308 <ph_merge_nodes>
10001628:	4680      	mov	r8, r0
1000162a:	e7ce      	b.n	100015ca <ph_remove_head+0xa2>

1000162c <ph_remove_and_free_node>:
1000162c:	b570      	push	{r4, r5, r6, lr}
1000162e:	0005      	movs	r5, r0
10001630:	2900      	cmp	r1, #0
10001632:	d02c      	beq.n	1000168e <ph_remove_and_free_node+0x62>
10001634:	7b43      	ldrb	r3, [r0, #13]
10001636:	428b      	cmp	r3, r1
10001638:	d02e      	beq.n	10001698 <ph_remove_and_free_node+0x6c>
1000163a:	004c      	lsls	r4, r1, #1
1000163c:	6800      	ldr	r0, [r0, #0]
1000163e:	1864      	adds	r4, r4, r1
10001640:	3c03      	subs	r4, #3
10001642:	1904      	adds	r4, r0, r4
10001644:	78a2      	ldrb	r2, [r4, #2]
10001646:	2a00      	cmp	r2, #0
10001648:	d021      	beq.n	1000168e <ph_remove_and_free_node+0x62>
1000164a:	0053      	lsls	r3, r2, #1
1000164c:	189b      	adds	r3, r3, r2
1000164e:	3b03      	subs	r3, #3
10001650:	5cc2      	ldrb	r2, [r0, r3]
10001652:	18c6      	adds	r6, r0, r3
10001654:	428a      	cmp	r2, r1
10001656:	d102      	bne.n	1000165e <ph_remove_and_free_node+0x32>
10001658:	e01b      	b.n	10001692 <ph_remove_and_free_node+0x66>
1000165a:	2a00      	cmp	r2, #0
1000165c:	d008      	beq.n	10001670 <ph_remove_and_free_node+0x44>
1000165e:	0053      	lsls	r3, r2, #1
10001660:	189b      	adds	r3, r3, r2
10001662:	3b03      	subs	r3, #3
10001664:	18c3      	adds	r3, r0, r3
10001666:	785a      	ldrb	r2, [r3, #1]
10001668:	428a      	cmp	r2, r1
1000166a:	d1f6      	bne.n	1000165a <ph_remove_and_free_node+0x2e>
1000166c:	7862      	ldrb	r2, [r4, #1]
1000166e:	705a      	strb	r2, [r3, #1]
10001670:	2300      	movs	r3, #0
10001672:	2201      	movs	r2, #1
10001674:	0028      	movs	r0, r5
10001676:	70a3      	strb	r3, [r4, #2]
10001678:	7063      	strb	r3, [r4, #1]
1000167a:	f7ff fed5 	bl	10001428 <ph_remove_any_head>
1000167e:	7b69      	ldrb	r1, [r5, #13]
10001680:	0002      	movs	r2, r0
10001682:	0028      	movs	r0, r5
10001684:	f7ff fe40 	bl	10001308 <ph_merge_nodes>
10001688:	7368      	strb	r0, [r5, #13]
1000168a:	2001      	movs	r0, #1
1000168c:	e000      	b.n	10001690 <ph_remove_and_free_node+0x64>
1000168e:	2000      	movs	r0, #0
10001690:	bd70      	pop	{r4, r5, r6, pc}
10001692:	7863      	ldrb	r3, [r4, #1]
10001694:	7033      	strb	r3, [r6, #0]
10001696:	e7eb      	b.n	10001670 <ph_remove_and_free_node+0x44>
10001698:	2201      	movs	r2, #1
1000169a:	0019      	movs	r1, r3
1000169c:	f7ff fec4 	bl	10001428 <ph_remove_any_head>
100016a0:	e7f2      	b.n	10001688 <ph_remove_and_free_node+0x5c>
100016a2:	46c0      	nop			@ (mov r8, r8)

100016a4 <uart_init>:
100016a4:	b5f8      	push	{r3, r4, r5, r6, r7, lr}
100016a6:	46ce      	mov	lr, r9
100016a8:	4647      	mov	r7, r8
100016aa:	0004      	movs	r4, r0
100016ac:	b580      	push	{r7, lr}
100016ae:	2006      	movs	r0, #6
100016b0:	000d      	movs	r5, r1
100016b2:	f000 fa21 	bl	10001af8 <clock_get_hz>
100016b6:	1e06      	subs	r6, r0, #0
100016b8:	d053      	beq.n	10001762 <uart_init+0xbe>
100016ba:	4b53      	ldr	r3, [pc, #332]	@ (10001808 <uart_init+0x164>)
100016bc:	4953      	ldr	r1, [pc, #332]	@ (1000180c <uart_init+0x168>)
100016be:	18e3      	adds	r3, r4, r3
100016c0:	1e5a      	subs	r2, r3, #1
100016c2:	4193      	sbcs	r3, r2
100016c4:	2280      	movs	r2, #128	@ 0x80
100016c6:	0412      	lsls	r2, r2, #16
100016c8:	4694      	mov	ip, r2
100016ca:	425b      	negs	r3, r3
100016cc:	0d9b      	lsrs	r3, r3, #22
100016ce:	4a50      	ldr	r2, [pc, #320]	@ (10001810 <uart_init+0x16c>)
100016d0:	059b      	lsls	r3, r3, #22
100016d2:	4463      	add	r3, ip
100016d4:	6013      	str	r3, [r2, #0]
100016d6:	4a4f      	ldr	r2, [pc, #316]	@ (10001814 <uart_init+0x170>)
100016d8:	6013      	str	r3, [r2, #0]
100016da:	0018      	movs	r0, r3
100016dc:	688a      	ldr	r2, [r1, #8]
100016de:	4390      	bics	r0, r2
100016e0:	d1fb      	bne.n	100016da <uart_init+0x36>
100016e2:	4b49      	ldr	r3, [pc, #292]	@ (10001808 <uart_init+0x164>)
100016e4:	4a4c      	ldr	r2, [pc, #304]	@ (10001818 <uart_init+0x174>)
100016e6:	18e3      	adds	r3, r4, r3
100016e8:	4259      	negs	r1, r3
100016ea:	414b      	adcs	r3, r1
100016ec:	2180      	movs	r1, #128	@ 0x80
100016ee:	005b      	lsls	r3, r3, #1
100016f0:	0049      	lsls	r1, r1, #1
100016f2:	2006      	movs	r0, #6
100016f4:	5299      	strh	r1, [r3, r2]
100016f6:	f000 f9ff 	bl	10001af8 <clock_get_hz>
100016fa:	0029      	movs	r1, r5
100016fc:	00c0      	lsls	r0, r0, #3
100016fe:	f000 fb65 	bl	10001dcc <__wrap___aeabi_uidiv>
10001702:	09c3      	lsrs	r3, r0, #7
10001704:	d132      	bne.n	1000176c <uart_init+0xc8>
10001706:	2240      	movs	r2, #64	@ 0x40
10001708:	2101      	movs	r1, #1
1000170a:	4690      	mov	r8, r2
1000170c:	6261      	str	r1, [r4, #36]	@ 0x24
1000170e:	62a3      	str	r3, [r4, #40]	@ 0x28
10001710:	6b26      	ldr	r6, [r4, #48]	@ 0x30
10001712:	07f3      	lsls	r3, r6, #31
10001714:	d436      	bmi.n	10001784 <uart_init+0xe0>
10001716:	0027      	movs	r7, r4
10001718:	2580      	movs	r5, #128	@ 0x80
1000171a:	6ae3      	ldr	r3, [r4, #44]	@ 0x2c
1000171c:	2300      	movs	r3, #0
1000171e:	372c      	adds	r7, #44	@ 0x2c
10001720:	016d      	lsls	r5, r5, #5
10001722:	433d      	orrs	r5, r7
10001724:	602b      	str	r3, [r5, #0]
10001726:	2006      	movs	r0, #6
10001728:	6326      	str	r6, [r4, #48]	@ 0x30
1000172a:	f000 f9e5 	bl	10001af8 <clock_get_hz>
1000172e:	4641      	mov	r1, r8
10001730:	0080      	lsls	r0, r0, #2
10001732:	f000 fb4b 	bl	10001dcc <__wrap___aeabi_uidiv>
10001736:	6b23      	ldr	r3, [r4, #48]	@ 0x30
10001738:	0006      	movs	r6, r0
1000173a:	4698      	mov	r8, r3
1000173c:	07db      	lsls	r3, r3, #31
1000173e:	d43b      	bmi.n	100017b8 <uart_init+0x114>
10001740:	2360      	movs	r3, #96	@ 0x60
10001742:	6ae2      	ldr	r2, [r4, #44]	@ 0x2c
10001744:	405a      	eors	r2, r3
10001746:	330e      	adds	r3, #14
10001748:	4013      	ands	r3, r2
1000174a:	602b      	str	r3, [r5, #0]
1000174c:	4643      	mov	r3, r8
1000174e:	6323      	str	r3, [r4, #48]	@ 0x30
10001750:	2380      	movs	r3, #128	@ 0x80
10001752:	2210      	movs	r2, #16
10001754:	019b      	lsls	r3, r3, #6
10001756:	433b      	orrs	r3, r7
10001758:	601a      	str	r2, [r3, #0]
1000175a:	4b30      	ldr	r3, [pc, #192]	@ (1000181c <uart_init+0x178>)
1000175c:	6323      	str	r3, [r4, #48]	@ 0x30
1000175e:	2303      	movs	r3, #3
10001760:	64a3      	str	r3, [r4, #72]	@ 0x48
10001762:	0030      	movs	r0, r6
10001764:	bcc0      	pop	{r6, r7}
10001766:	46b9      	mov	r9, r7
10001768:	46b0      	mov	r8, r6
1000176a:	bdf8      	pop	{r3, r4, r5, r6, r7, pc}
1000176c:	4a2c      	ldr	r2, [pc, #176]	@ (10001820 <uart_init+0x17c>)
1000176e:	4293      	cmp	r3, r2
10001770:	d93f      	bls.n	100017f2 <uart_init+0x14e>
10001772:	2300      	movs	r3, #0
10001774:	492b      	ldr	r1, [pc, #172]	@ (10001824 <uart_init+0x180>)
10001776:	4a2c      	ldr	r2, [pc, #176]	@ (10001828 <uart_init+0x184>)
10001778:	6261      	str	r1, [r4, #36]	@ 0x24
1000177a:	62a3      	str	r3, [r4, #40]	@ 0x28
1000177c:	6b26      	ldr	r6, [r4, #48]	@ 0x30
1000177e:	4690      	mov	r8, r2
10001780:	07f3      	lsls	r3, r6, #31
10001782:	d5c8      	bpl.n	10001716 <uart_init+0x72>
10001784:	0022      	movs	r2, r4
10001786:	23c0      	movs	r3, #192	@ 0xc0
10001788:	3230      	adds	r2, #48	@ 0x30
1000178a:	019b      	lsls	r3, r3, #6
1000178c:	4313      	orrs	r3, r2
1000178e:	4a23      	ldr	r2, [pc, #140]	@ (1000181c <uart_init+0x178>)
10001790:	2006      	movs	r0, #6
10001792:	601a      	str	r2, [r3, #0]
10001794:	6a65      	ldr	r5, [r4, #36]	@ 0x24
10001796:	6aa3      	ldr	r3, [r4, #40]	@ 0x28
10001798:	01ad      	lsls	r5, r5, #6
1000179a:	18ed      	adds	r5, r5, r3
1000179c:	f000 f9ac 	bl	10001af8 <clock_get_hz>
100017a0:	4922      	ldr	r1, [pc, #136]	@ (1000182c <uart_init+0x188>)
100017a2:	f000 fb13 	bl	10001dcc <__wrap___aeabi_uidiv>
100017a6:	02ad      	lsls	r5, r5, #10
100017a8:	0001      	movs	r1, r0
100017aa:	0028      	movs	r0, r5
100017ac:	f000 fb0e 	bl	10001dcc <__wrap___aeabi_uidiv>
100017b0:	2100      	movs	r1, #0
100017b2:	f7ff fc99 	bl	100010e8 <busy_wait_us>
100017b6:	e7ae      	b.n	10001716 <uart_init+0x72>
100017b8:	0022      	movs	r2, r4
100017ba:	23c0      	movs	r3, #192	@ 0xc0
100017bc:	3230      	adds	r2, #48	@ 0x30
100017be:	019b      	lsls	r3, r3, #6
100017c0:	4313      	orrs	r3, r2
100017c2:	4a16      	ldr	r2, [pc, #88]	@ (1000181c <uart_init+0x178>)
100017c4:	2006      	movs	r0, #6
100017c6:	601a      	str	r2, [r3, #0]
100017c8:	6a63      	ldr	r3, [r4, #36]	@ 0x24
100017ca:	6aa2      	ldr	r2, [r4, #40]	@ 0x28
100017cc:	019b      	lsls	r3, r3, #6
100017ce:	4699      	mov	r9, r3
100017d0:	4491      	add	r9, r2
100017d2:	f000 f991 	bl	10001af8 <clock_get_hz>
100017d6:	464b      	mov	r3, r9
100017d8:	4914      	ldr	r1, [pc, #80]	@ (1000182c <uart_init+0x188>)
100017da:	029b      	lsls	r3, r3, #10
100017dc:	4699      	mov	r9, r3
100017de:	f000 faf5 	bl	10001dcc <__wrap___aeabi_uidiv>
100017e2:	0001      	movs	r1, r0
100017e4:	4648      	mov	r0, r9
100017e6:	f000 faf1 	bl	10001dcc <__wrap___aeabi_uidiv>
100017ea:	2100      	movs	r1, #0
100017ec:	f7ff fc7c 	bl	100010e8 <busy_wait_us>
100017f0:	e7a6      	b.n	10001740 <uart_init+0x9c>
100017f2:	227f      	movs	r2, #127	@ 0x7f
100017f4:	0199      	lsls	r1, r3, #6
100017f6:	4688      	mov	r8, r1
100017f8:	4002      	ands	r2, r0
100017fa:	3201      	adds	r2, #1
100017fc:	0852      	lsrs	r2, r2, #1
100017fe:	0019      	movs	r1, r3
10001800:	4490      	add	r8, r2
10001802:	0013      	movs	r3, r2
10001804:	e782      	b.n	1000170c <uart_init+0x68>
10001806:	46c0      	nop			@ (mov r8, r8)
10001808:	bffc8000 	.word	0xbffc8000
1000180c:	4000c000 	.word	0x4000c000
10001810:	4000e000 	.word	0x4000e000
10001814:	4000f000 	.word	0x4000f000
10001818:	20000634 	.word	0x20000634
1000181c:	00000301 	.word	0x00000301
10001820:	0000fffe 	.word	0x0000fffe
10001824:	0000ffff 	.word	0x0000ffff
10001828:	003fffc0 	.word	0x003fffc0
1000182c:	00000e4e 	.word	0x00000e4e

10001830 <clocks_init>:
10001830:	b510      	push	{r4, lr}
10001832:	200c      	movs	r0, #12
10001834:	b082      	sub	sp, #8
10001836:	f000 f9b7 	bl	10001ba8 <watchdog_start_tick>
1000183a:	f7fe fe7d 	bl	10000538 <running_on_fpga>
1000183e:	2800      	cmp	r0, #0
10001840:	d010      	beq.n	10001864 <clocks_init+0x34>
10001842:	4b8b      	ldr	r3, [pc, #556]	@ (10001a70 <clocks_init+0x240>)
10001844:	488b      	ldr	r0, [pc, #556]	@ (10001a74 <clocks_init+0x244>)
10001846:	498b      	ldr	r1, [pc, #556]	@ (10001a74 <clocks_init+0x244>)
10001848:	4a8b      	ldr	r2, [pc, #556]	@ (10001a78 <clocks_init+0x248>)
1000184a:	6018      	str	r0, [r3, #0]
1000184c:	6059      	str	r1, [r3, #4]
1000184e:	6098      	str	r0, [r3, #8]
10001850:	60d9      	str	r1, [r3, #12]
10001852:	6118      	str	r0, [r3, #16]
10001854:	6159      	str	r1, [r3, #20]
10001856:	6198      	str	r0, [r3, #24]
10001858:	61d9      	str	r1, [r3, #28]
1000185a:	6218      	str	r0, [r3, #32]
1000185c:	6259      	str	r1, [r3, #36]	@ 0x24
1000185e:	625a      	str	r2, [r3, #36]	@ 0x24
10001860:	b002      	add	sp, #8
10001862:	bd10      	pop	{r4, pc}
10001864:	4c85      	ldr	r4, [pc, #532]	@ (10001a7c <clocks_init+0x24c>)
10001866:	67a0      	str	r0, [r4, #120]	@ 0x78
10001868:	f000 f9a6 	bl	10001bb8 <xosc_init>
1000186c:	2201      	movs	r2, #1
1000186e:	4b84      	ldr	r3, [pc, #528]	@ (10001a80 <clocks_init+0x250>)
10001870:	601a      	str	r2, [r3, #0]
10001872:	6c63      	ldr	r3, [r4, #68]	@ 0x44
10001874:	2b01      	cmp	r3, #1
10001876:	d1fc      	bne.n	10001872 <clocks_init+0x42>
10001878:	2203      	movs	r2, #3
1000187a:	4b82      	ldr	r3, [pc, #520]	@ (10001a84 <clocks_init+0x254>)
1000187c:	601a      	str	r2, [r3, #0]
1000187e:	4a7f      	ldr	r2, [pc, #508]	@ (10001a7c <clocks_init+0x24c>)
10001880:	6b93      	ldr	r3, [r2, #56]	@ 0x38
10001882:	2b01      	cmp	r3, #1
10001884:	d1fc      	bne.n	10001880 <clocks_init+0x50>
10001886:	3301      	adds	r3, #1
10001888:	2101      	movs	r1, #1
1000188a:	4a7f      	ldr	r2, [pc, #508]	@ (10001a88 <clocks_init+0x258>)
1000188c:	487f      	ldr	r0, [pc, #508]	@ (10001a8c <clocks_init+0x25c>)
1000188e:	9300      	str	r3, [sp, #0]
10001890:	3304      	adds	r3, #4
10001892:	f000 f937 	bl	10001b04 <pll_init>
10001896:	2305      	movs	r3, #5
10001898:	4a7d      	ldr	r2, [pc, #500]	@ (10001a90 <clocks_init+0x260>)
1000189a:	9300      	str	r3, [sp, #0]
1000189c:	2101      	movs	r1, #1
1000189e:	487d      	ldr	r0, [pc, #500]	@ (10001a94 <clocks_init+0x264>)
100018a0:	f000 f930 	bl	10001b04 <pll_init>
100018a4:	4b7c      	ldr	r3, [pc, #496]	@ (10001a98 <clocks_init+0x268>)
100018a6:	685a      	ldr	r2, [r3, #4]
100018a8:	2aff      	cmp	r2, #255	@ 0xff
100018aa:	d802      	bhi.n	100018b2 <clocks_init+0x82>
100018ac:	2280      	movs	r2, #128	@ 0x80
100018ae:	0052      	lsls	r2, r2, #1
100018b0:	605a      	str	r2, [r3, #4]
100018b2:	2280      	movs	r2, #128	@ 0x80
100018b4:	4b73      	ldr	r3, [pc, #460]	@ (10001a84 <clocks_init+0x254>)
100018b6:	4c6e      	ldr	r4, [pc, #440]	@ (10001a70 <clocks_init+0x240>)
100018b8:	0112      	lsls	r2, r2, #4
100018ba:	601a      	str	r2, [r3, #0]
100018bc:	6921      	ldr	r1, [r4, #16]
100018be:	2900      	cmp	r1, #0
100018c0:	d007      	beq.n	100018d2 <clocks_init+0xa2>
100018c2:	6960      	ldr	r0, [r4, #20]
100018c4:	f000 fa82 	bl	10001dcc <__wrap___aeabi_uidiv>
100018c8:	3001      	adds	r0, #1
100018ca:	0043      	lsls	r3, r0, #1
100018cc:	181b      	adds	r3, r3, r0
100018ce:	3b03      	subs	r3, #3
100018d0:	d2fd      	bcs.n	100018ce <clocks_init+0x9e>
100018d2:	22e0      	movs	r2, #224	@ 0xe0
100018d4:	4b70      	ldr	r3, [pc, #448]	@ (10001a98 <clocks_init+0x268>)
100018d6:	4871      	ldr	r0, [pc, #452]	@ (10001a9c <clocks_init+0x26c>)
100018d8:	6819      	ldr	r1, [r3, #0]
100018da:	400a      	ands	r2, r1
100018dc:	6002      	str	r2, [r0, #0]
100018de:	2202      	movs	r2, #2
100018e0:	6819      	ldr	r1, [r3, #0]
100018e2:	4051      	eors	r1, r2
100018e4:	3201      	adds	r2, #1
100018e6:	400a      	ands	r2, r1
100018e8:	2104      	movs	r1, #4
100018ea:	6002      	str	r2, [r0, #0]
100018ec:	689a      	ldr	r2, [r3, #8]
100018ee:	4211      	tst	r1, r2
100018f0:	d0fc      	beq.n	100018ec <clocks_init+0xbc>
100018f2:	2180      	movs	r1, #128	@ 0x80
100018f4:	4a6a      	ldr	r2, [pc, #424]	@ (10001aa0 <clocks_init+0x270>)
100018f6:	0109      	lsls	r1, r1, #4
100018f8:	6011      	str	r1, [r2, #0]
100018fa:	2280      	movs	r2, #128	@ 0x80
100018fc:	0052      	lsls	r2, r2, #1
100018fe:	605a      	str	r2, [r3, #4]
10001900:	4b68      	ldr	r3, [pc, #416]	@ (10001aa4 <clocks_init+0x274>)
10001902:	6123      	str	r3, [r4, #16]
10001904:	4b68      	ldr	r3, [pc, #416]	@ (10001aa8 <clocks_init+0x278>)
10001906:	6859      	ldr	r1, [r3, #4]
10001908:	29ff      	cmp	r1, #255	@ 0xff
1000190a:	d800      	bhi.n	1000190e <clocks_init+0xde>
1000190c:	605a      	str	r2, [r3, #4]
1000190e:	2203      	movs	r2, #3
10001910:	2101      	movs	r1, #1
10001912:	4b5b      	ldr	r3, [pc, #364]	@ (10001a80 <clocks_init+0x250>)
10001914:	601a      	str	r2, [r3, #0]
10001916:	4a64      	ldr	r2, [pc, #400]	@ (10001aa8 <clocks_init+0x278>)
10001918:	6893      	ldr	r3, [r2, #8]
1000191a:	4219      	tst	r1, r3
1000191c:	d0fc      	beq.n	10001918 <clocks_init+0xe8>
1000191e:	23e0      	movs	r3, #224	@ 0xe0
10001920:	6810      	ldr	r0, [r2, #0]
10001922:	4003      	ands	r3, r0
10001924:	4861      	ldr	r0, [pc, #388]	@ (10001aac <clocks_init+0x27c>)
10001926:	6003      	str	r3, [r0, #0]
10001928:	6812      	ldr	r2, [r2, #0]
1000192a:	2303      	movs	r3, #3
1000192c:	404a      	eors	r2, r1
1000192e:	2102      	movs	r1, #2
10001930:	4013      	ands	r3, r2
10001932:	4a5d      	ldr	r2, [pc, #372]	@ (10001aa8 <clocks_init+0x278>)
10001934:	6003      	str	r3, [r0, #0]
10001936:	6893      	ldr	r3, [r2, #8]
10001938:	4219      	tst	r1, r3
1000193a:	d0fc      	beq.n	10001936 <clocks_init+0x106>
1000193c:	2180      	movs	r1, #128	@ 0x80
1000193e:	4b5c      	ldr	r3, [pc, #368]	@ (10001ab0 <clocks_init+0x280>)
10001940:	0109      	lsls	r1, r1, #4
10001942:	6019      	str	r1, [r3, #0]
10001944:	2180      	movs	r1, #128	@ 0x80
10001946:	4b5b      	ldr	r3, [pc, #364]	@ (10001ab4 <clocks_init+0x284>)
10001948:	0049      	lsls	r1, r1, #1
1000194a:	6051      	str	r1, [r2, #4]
1000194c:	6163      	str	r3, [r4, #20]
1000194e:	4b5a      	ldr	r3, [pc, #360]	@ (10001ab8 <clocks_init+0x288>)
10001950:	685a      	ldr	r2, [r3, #4]
10001952:	2aff      	cmp	r2, #255	@ 0xff
10001954:	d800      	bhi.n	10001958 <clocks_init+0x128>
10001956:	6059      	str	r1, [r3, #4]
10001958:	2280      	movs	r2, #128	@ 0x80
1000195a:	4b58      	ldr	r3, [pc, #352]	@ (10001abc <clocks_init+0x28c>)
1000195c:	0112      	lsls	r2, r2, #4
1000195e:	601a      	str	r2, [r3, #0]
10001960:	69e1      	ldr	r1, [r4, #28]
10001962:	2900      	cmp	r1, #0
10001964:	d007      	beq.n	10001976 <clocks_init+0x146>
10001966:	6960      	ldr	r0, [r4, #20]
10001968:	f000 fa30 	bl	10001dcc <__wrap___aeabi_uidiv>
1000196c:	3001      	adds	r0, #1
1000196e:	0043      	lsls	r3, r0, #1
10001970:	181b      	adds	r3, r3, r0
10001972:	3b03      	subs	r3, #3
10001974:	d2fd      	bcs.n	10001972 <clocks_init+0x142>
10001976:	23e0      	movs	r3, #224	@ 0xe0
10001978:	4a4f      	ldr	r2, [pc, #316]	@ (10001ab8 <clocks_init+0x288>)
1000197a:	6811      	ldr	r1, [r2, #0]
1000197c:	400b      	ands	r3, r1
1000197e:	4950      	ldr	r1, [pc, #320]	@ (10001ac0 <clocks_init+0x290>)
10001980:	600b      	str	r3, [r1, #0]
10001982:	2180      	movs	r1, #128	@ 0x80
10001984:	4b4f      	ldr	r3, [pc, #316]	@ (10001ac4 <clocks_init+0x294>)
10001986:	0109      	lsls	r1, r1, #4
10001988:	6019      	str	r1, [r3, #0]
1000198a:	2180      	movs	r1, #128	@ 0x80
1000198c:	4b39      	ldr	r3, [pc, #228]	@ (10001a74 <clocks_init+0x244>)
1000198e:	0049      	lsls	r1, r1, #1
10001990:	6051      	str	r1, [r2, #4]
10001992:	61e3      	str	r3, [r4, #28]
10001994:	4b4c      	ldr	r3, [pc, #304]	@ (10001ac8 <clocks_init+0x298>)
10001996:	685a      	ldr	r2, [r3, #4]
10001998:	2aff      	cmp	r2, #255	@ 0xff
1000199a:	d800      	bhi.n	1000199e <clocks_init+0x16e>
1000199c:	6059      	str	r1, [r3, #4]
1000199e:	2280      	movs	r2, #128	@ 0x80
100019a0:	4b4a      	ldr	r3, [pc, #296]	@ (10001acc <clocks_init+0x29c>)
100019a2:	0112      	lsls	r2, r2, #4
100019a4:	601a      	str	r2, [r3, #0]
100019a6:	6a21      	ldr	r1, [r4, #32]
100019a8:	2900      	cmp	r1, #0
100019aa:	d007      	beq.n	100019bc <clocks_init+0x18c>
100019ac:	6960      	ldr	r0, [r4, #20]
100019ae:	f000 fa0d 	bl	10001dcc <__wrap___aeabi_uidiv>
100019b2:	3001      	adds	r0, #1
100019b4:	0043      	lsls	r3, r0, #1
100019b6:	181b      	adds	r3, r3, r0
100019b8:	3b03      	subs	r3, #3
100019ba:	d2fd      	bcs.n	100019b8 <clocks_init+0x188>
100019bc:	23e0      	movs	r3, #224	@ 0xe0
100019be:	4a42      	ldr	r2, [pc, #264]	@ (10001ac8 <clocks_init+0x298>)
100019c0:	6811      	ldr	r1, [r2, #0]
100019c2:	400b      	ands	r3, r1
100019c4:	4942      	ldr	r1, [pc, #264]	@ (10001ad0 <clocks_init+0x2a0>)
100019c6:	600b      	str	r3, [r1, #0]
100019c8:	2180      	movs	r1, #128	@ 0x80
100019ca:	4b42      	ldr	r3, [pc, #264]	@ (10001ad4 <clocks_init+0x2a4>)
100019cc:	0109      	lsls	r1, r1, #4
100019ce:	6019      	str	r1, [r3, #0]
100019d0:	2380      	movs	r3, #128	@ 0x80
100019d2:	005b      	lsls	r3, r3, #1
100019d4:	6053      	str	r3, [r2, #4]
100019d6:	2280      	movs	r2, #128	@ 0x80
100019d8:	4b26      	ldr	r3, [pc, #152]	@ (10001a74 <clocks_init+0x244>)
100019da:	02d2      	lsls	r2, r2, #11
100019dc:	6223      	str	r3, [r4, #32]
100019de:	4b3e      	ldr	r3, [pc, #248]	@ (10001ad8 <clocks_init+0x2a8>)
100019e0:	6859      	ldr	r1, [r3, #4]
100019e2:	4291      	cmp	r1, r2
100019e4:	d200      	bcs.n	100019e8 <clocks_init+0x1b8>
100019e6:	605a      	str	r2, [r3, #4]
100019e8:	2280      	movs	r2, #128	@ 0x80
100019ea:	4b3c      	ldr	r3, [pc, #240]	@ (10001adc <clocks_init+0x2ac>)
100019ec:	0112      	lsls	r2, r2, #4
100019ee:	601a      	str	r2, [r3, #0]
100019f0:	6a61      	ldr	r1, [r4, #36]	@ 0x24
100019f2:	2900      	cmp	r1, #0
100019f4:	d007      	beq.n	10001a06 <clocks_init+0x1d6>
100019f6:	6960      	ldr	r0, [r4, #20]
100019f8:	f000 f9e8 	bl	10001dcc <__wrap___aeabi_uidiv>
100019fc:	3001      	adds	r0, #1
100019fe:	0043      	lsls	r3, r0, #1
10001a00:	181b      	adds	r3, r3, r0
10001a02:	3b03      	subs	r3, #3
10001a04:	d2fd      	bcs.n	10001a02 <clocks_init+0x1d2>
10001a06:	23e0      	movs	r3, #224	@ 0xe0
10001a08:	4a33      	ldr	r2, [pc, #204]	@ (10001ad8 <clocks_init+0x2a8>)
10001a0a:	6811      	ldr	r1, [r2, #0]
10001a0c:	400b      	ands	r3, r1
10001a0e:	4934      	ldr	r1, [pc, #208]	@ (10001ae0 <clocks_init+0x2b0>)
10001a10:	600b      	str	r3, [r1, #0]
10001a12:	2180      	movs	r1, #128	@ 0x80
10001a14:	4b33      	ldr	r3, [pc, #204]	@ (10001ae4 <clocks_init+0x2b4>)
10001a16:	0109      	lsls	r1, r1, #4
10001a18:	6019      	str	r1, [r3, #0]
10001a1a:	2380      	movs	r3, #128	@ 0x80
10001a1c:	02db      	lsls	r3, r3, #11
10001a1e:	6053      	str	r3, [r2, #4]
10001a20:	4b15      	ldr	r3, [pc, #84]	@ (10001a78 <clocks_init+0x248>)
10001a22:	6263      	str	r3, [r4, #36]	@ 0x24
10001a24:	4b30      	ldr	r3, [pc, #192]	@ (10001ae8 <clocks_init+0x2b8>)
10001a26:	685a      	ldr	r2, [r3, #4]
10001a28:	2aff      	cmp	r2, #255	@ 0xff
10001a2a:	d802      	bhi.n	10001a32 <clocks_init+0x202>
10001a2c:	2280      	movs	r2, #128	@ 0x80
10001a2e:	0052      	lsls	r2, r2, #1
10001a30:	605a      	str	r2, [r3, #4]
10001a32:	2280      	movs	r2, #128	@ 0x80
10001a34:	4b2d      	ldr	r3, [pc, #180]	@ (10001aec <clocks_init+0x2bc>)
10001a36:	0112      	lsls	r2, r2, #4
10001a38:	601a      	str	r2, [r3, #0]
10001a3a:	69a1      	ldr	r1, [r4, #24]
10001a3c:	2900      	cmp	r1, #0
10001a3e:	d007      	beq.n	10001a50 <clocks_init+0x220>
10001a40:	6960      	ldr	r0, [r4, #20]
10001a42:	f000 f9c3 	bl	10001dcc <__wrap___aeabi_uidiv>
10001a46:	3001      	adds	r0, #1
10001a48:	0043      	lsls	r3, r0, #1
10001a4a:	181b      	adds	r3, r3, r0
10001a4c:	3b03      	subs	r3, #3
10001a4e:	d2fd      	bcs.n	10001a4c <clocks_init+0x21c>
10001a50:	23e0      	movs	r3, #224	@ 0xe0
10001a52:	4a25      	ldr	r2, [pc, #148]	@ (10001ae8 <clocks_init+0x2b8>)
10001a54:	6811      	ldr	r1, [r2, #0]
10001a56:	400b      	ands	r3, r1
10001a58:	4925      	ldr	r1, [pc, #148]	@ (10001af0 <clocks_init+0x2c0>)
10001a5a:	600b      	str	r3, [r1, #0]
10001a5c:	2180      	movs	r1, #128	@ 0x80
10001a5e:	4b25      	ldr	r3, [pc, #148]	@ (10001af4 <clocks_init+0x2c4>)
10001a60:	0109      	lsls	r1, r1, #4
10001a62:	6019      	str	r1, [r3, #0]
10001a64:	2380      	movs	r3, #128	@ 0x80
10001a66:	005b      	lsls	r3, r3, #1
10001a68:	6053      	str	r3, [r2, #4]
10001a6a:	4b12      	ldr	r3, [pc, #72]	@ (10001ab4 <clocks_init+0x284>)
10001a6c:	61a3      	str	r3, [r4, #24]
10001a6e:	e6f7      	b.n	10001860 <clocks_init+0x30>
10001a70:	20000268 	.word	0x20000268
10001a74:	02dc6c00 	.word	0x02dc6c00
10001a78:	0000b71b 	.word	0x0000b71b
10001a7c:	40008000 	.word	0x40008000
10001a80:	4000b03c 	.word	0x4000b03c
10001a84:	4000b030 	.word	0x4000b030
10001a88:	59682f00 	.word	0x59682f00
10001a8c:	40028000 	.word	0x40028000
10001a90:	47868c00 	.word	0x47868c00
10001a94:	4002c000 	.word	0x4002c000
10001a98:	40008030 	.word	0x40008030
10001a9c:	40009030 	.word	0x40009030
10001aa0:	4000a030 	.word	0x4000a030
10001aa4:	00b71b00 	.word	0x00b71b00
10001aa8:	4000803c 	.word	0x4000803c
10001aac:	4000903c 	.word	0x4000903c
10001ab0:	4000a03c 	.word	0x4000a03c
10001ab4:	07735940 	.word	0x07735940
10001ab8:	40008054 	.word	0x40008054
10001abc:	4000b054 	.word	0x4000b054
10001ac0:	40009054 	.word	0x40009054
10001ac4:	4000a054 	.word	0x4000a054
10001ac8:	40008060 	.word	0x40008060
10001acc:	4000b060 	.word	0x4000b060
10001ad0:	40009060 	.word	0x40009060
10001ad4:	4000a060 	.word	0x4000a060
10001ad8:	4000806c 	.word	0x4000806c
10001adc:	4000b06c 	.word	0x4000b06c
10001ae0:	4000906c 	.word	0x4000906c
10001ae4:	4000a06c 	.word	0x4000a06c
10001ae8:	40008048 	.word	0x40008048
10001aec:	4000b048 	.word	0x4000b048
10001af0:	40009048 	.word	0x40009048
10001af4:	4000a048 	.word	0x4000a048

10001af8 <clock_get_hz>:
10001af8:	4b01      	ldr	r3, [pc, #4]	@ (10001b00 <clock_get_hz+0x8>)
10001afa:	0080      	lsls	r0, r0, #2
10001afc:	58c0      	ldr	r0, [r0, r3]
10001afe:	4770      	bx	lr
10001b00:	20000268 	.word	0x20000268

10001b04 <pll_init>:
10001b04:	b5f8      	push	{r3, r4, r5, r6, r7, lr}
10001b06:	0004      	movs	r4, r0
10001b08:	4822      	ldr	r0, [pc, #136]	@ (10001b94 <pll_init+0x90>)
10001b0a:	001e      	movs	r6, r3
10001b0c:	0017      	movs	r7, r2
10001b0e:	000d      	movs	r5, r1
10001b10:	f000 f95c 	bl	10001dcc <__wrap___aeabi_uidiv>
10001b14:	0001      	movs	r1, r0
10001b16:	0038      	movs	r0, r7
10001b18:	f000 f958 	bl	10001dcc <__wrap___aeabi_uidiv>
10001b1c:	9b06      	ldr	r3, [sp, #24]
10001b1e:	0436      	lsls	r6, r6, #16
10001b20:	031b      	lsls	r3, r3, #12
10001b22:	431e      	orrs	r6, r3
10001b24:	6823      	ldr	r3, [r4, #0]
10001b26:	2b00      	cmp	r3, #0
10001b28:	db22      	blt.n	10001b70 <pll_init+0x6c>
10001b2a:	4b1b      	ldr	r3, [pc, #108]	@ (10001b98 <pll_init+0x94>)
10001b2c:	491b      	ldr	r1, [pc, #108]	@ (10001b9c <pll_init+0x98>)
10001b2e:	18e3      	adds	r3, r4, r3
10001b30:	1e5a      	subs	r2, r3, #1
10001b32:	4193      	sbcs	r3, r2
10001b34:	2280      	movs	r2, #128	@ 0x80
10001b36:	0192      	lsls	r2, r2, #6
10001b38:	4694      	mov	ip, r2
10001b3a:	425b      	negs	r3, r3
10001b3c:	0b1b      	lsrs	r3, r3, #12
10001b3e:	4a18      	ldr	r2, [pc, #96]	@ (10001ba0 <pll_init+0x9c>)
10001b40:	031b      	lsls	r3, r3, #12
10001b42:	4463      	add	r3, ip
10001b44:	6013      	str	r3, [r2, #0]
10001b46:	4a17      	ldr	r2, [pc, #92]	@ (10001ba4 <pll_init+0xa0>)
10001b48:	6013      	str	r3, [r2, #0]
10001b4a:	001f      	movs	r7, r3
10001b4c:	688a      	ldr	r2, [r1, #8]
10001b4e:	4397      	bics	r7, r2
10001b50:	d1fb      	bne.n	10001b4a <pll_init+0x46>
10001b52:	22c0      	movs	r2, #192	@ 0xc0
10001b54:	1d23      	adds	r3, r4, #4
10001b56:	0192      	lsls	r2, r2, #6
10001b58:	431a      	orrs	r2, r3
10001b5a:	2321      	movs	r3, #33	@ 0x21
10001b5c:	6025      	str	r5, [r4, #0]
10001b5e:	60a0      	str	r0, [r4, #8]
10001b60:	6013      	str	r3, [r2, #0]
10001b62:	6823      	ldr	r3, [r4, #0]
10001b64:	2b00      	cmp	r3, #0
10001b66:	dafc      	bge.n	10001b62 <pll_init+0x5e>
10001b68:	2308      	movs	r3, #8
10001b6a:	60e6      	str	r6, [r4, #12]
10001b6c:	6013      	str	r3, [r2, #0]
10001b6e:	bdf8      	pop	{r3, r4, r5, r6, r7, pc}
10001b70:	233f      	movs	r3, #63	@ 0x3f
10001b72:	6822      	ldr	r2, [r4, #0]
10001b74:	4013      	ands	r3, r2
10001b76:	42ab      	cmp	r3, r5
10001b78:	d1d7      	bne.n	10001b2a <pll_init+0x26>
10001b7a:	68a3      	ldr	r3, [r4, #8]
10001b7c:	051b      	lsls	r3, r3, #20
10001b7e:	0d1b      	lsrs	r3, r3, #20
10001b80:	4283      	cmp	r3, r0
10001b82:	d1d2      	bne.n	10001b2a <pll_init+0x26>
10001b84:	22ee      	movs	r2, #238	@ 0xee
10001b86:	68e3      	ldr	r3, [r4, #12]
10001b88:	02d2      	lsls	r2, r2, #11
10001b8a:	4013      	ands	r3, r2
10001b8c:	42b3      	cmp	r3, r6
10001b8e:	d1cc      	bne.n	10001b2a <pll_init+0x26>
10001b90:	e7ed      	b.n	10001b6e <pll_init+0x6a>
10001b92:	46c0      	nop			@ (mov r8, r8)
10001b94:	00b71b00 	.word	0x00b71b00
10001b98:	bffd4000 	.word	0xbffd4000
10001b9c:	4000c000 	.word	0x4000c000
10001ba0:	4000e000 	.word	0x4000e000
10001ba4:	4000f000 	.word	0x4000f000

10001ba8 <watchdog_start_tick>:
10001ba8:	2380      	movs	r3, #128	@ 0x80
10001baa:	4a02      	ldr	r2, [pc, #8]	@ (10001bb4 <watchdog_start_tick+0xc>)
10001bac:	009b      	lsls	r3, r3, #2
10001bae:	4303      	orrs	r3, r0
10001bb0:	62d3      	str	r3, [r2, #44]	@ 0x2c
10001bb2:	4770      	bx	lr
10001bb4:	40058000 	.word	0x40058000

10001bb8 <xosc_init>:
10001bb8:	23aa      	movs	r3, #170	@ 0xaa
10001bba:	4a06      	ldr	r2, [pc, #24]	@ (10001bd4 <xosc_init+0x1c>)
10001bbc:	011b      	lsls	r3, r3, #4
10001bbe:	6013      	str	r3, [r2, #0]
10001bc0:	232f      	movs	r3, #47	@ 0x2f
10001bc2:	4905      	ldr	r1, [pc, #20]	@ (10001bd8 <xosc_init+0x20>)
10001bc4:	60d3      	str	r3, [r2, #12]
10001bc6:	4b05      	ldr	r3, [pc, #20]	@ (10001bdc <xosc_init+0x24>)
10001bc8:	6019      	str	r1, [r3, #0]
10001bca:	6853      	ldr	r3, [r2, #4]
10001bcc:	2b00      	cmp	r3, #0
10001bce:	dafc      	bge.n	10001bca <xosc_init+0x12>
10001bd0:	4770      	bx	lr
10001bd2:	46c0      	nop			@ (mov r8, r8)
10001bd4:	40024000 	.word	0x40024000
10001bd8:	00fab000 	.word	0x00fab000
10001bdc:	40026000 	.word	0x40026000

10001be0 <runtime_init>:
10001be0:	4b2c      	ldr	r3, [pc, #176]	@ (10001c94 <runtime_init+0xb4>)
10001be2:	4a2d      	ldr	r2, [pc, #180]	@ (10001c98 <runtime_init+0xb8>)
10001be4:	b570      	push	{r4, r5, r6, lr}
10001be6:	601a      	str	r2, [r3, #0]
10001be8:	4a2c      	ldr	r2, [pc, #176]	@ (10001c9c <runtime_init+0xbc>)
10001bea:	4b2d      	ldr	r3, [pc, #180]	@ (10001ca0 <runtime_init+0xc0>)
10001bec:	492d      	ldr	r1, [pc, #180]	@ (10001ca4 <runtime_init+0xc4>)
10001bee:	601a      	str	r2, [r3, #0]
10001bf0:	0014      	movs	r4, r2
10001bf2:	688b      	ldr	r3, [r1, #8]
10001bf4:	439c      	bics	r4, r3
10001bf6:	d1fb      	bne.n	10001bf0 <runtime_init+0x10>
10001bf8:	4d2b      	ldr	r5, [pc, #172]	@ (10001ca8 <runtime_init+0xc8>)
10001bfa:	4e2c      	ldr	r6, [pc, #176]	@ (10001cac <runtime_init+0xcc>)
10001bfc:	42b5      	cmp	r5, r6
10001bfe:	d208      	bcs.n	10001c12 <runtime_init+0x32>
10001c00:	3e01      	subs	r6, #1
10001c02:	1b76      	subs	r6, r6, r5
10001c04:	08b6      	lsrs	r6, r6, #2
10001c06:	cd08      	ldmia	r5!, {r3}
10001c08:	4798      	blx	r3
10001c0a:	0023      	movs	r3, r4
10001c0c:	3401      	adds	r4, #1
10001c0e:	42b3      	cmp	r3, r6
10001c10:	d1f9      	bne.n	10001c06 <runtime_init+0x26>
10001c12:	f7ff fe0d 	bl	10001830 <clocks_init>
10001c16:	4a26      	ldr	r2, [pc, #152]	@ (10001cb0 <runtime_init+0xd0>)
10001c18:	4b21      	ldr	r3, [pc, #132]	@ (10001ca0 <runtime_init+0xc0>)
10001c1a:	601a      	str	r2, [r3, #0]
10001c1c:	4a21      	ldr	r2, [pc, #132]	@ (10001ca4 <runtime_init+0xc4>)
10001c1e:	6893      	ldr	r3, [r2, #8]
10001c20:	43db      	mvns	r3, r3
10001c22:	01db      	lsls	r3, r3, #7
10001c24:	09dd      	lsrs	r5, r3, #7
10001c26:	2b00      	cmp	r3, #0
10001c28:	d1f9      	bne.n	10001c1e <runtime_init+0x3e>
10001c2a:	2240      	movs	r2, #64	@ 0x40
10001c2c:	4b21      	ldr	r3, [pc, #132]	@ (10001cb4 <runtime_init+0xd4>)
10001c2e:	4c22      	ldr	r4, [pc, #136]	@ (10001cb8 <runtime_init+0xd8>)
10001c30:	4e22      	ldr	r6, [pc, #136]	@ (10001cbc <runtime_init+0xdc>)
10001c32:	679a      	str	r2, [r3, #120]	@ 0x78
10001c34:	675a      	str	r2, [r3, #116]	@ 0x74
10001c36:	671a      	str	r2, [r3, #112]	@ 0x70
10001c38:	66da      	str	r2, [r3, #108]	@ 0x6c
10001c3a:	42b4      	cmp	r4, r6
10001c3c:	d208      	bcs.n	10001c50 <runtime_init+0x70>
10001c3e:	6823      	ldr	r3, [r4, #0]
10001c40:	0020      	movs	r0, r4
10001c42:	2b00      	cmp	r3, #0
10001c44:	d020      	beq.n	10001c88 <runtime_init+0xa8>
10001c46:	3408      	adds	r4, #8
10001c48:	f7fe fe62 	bl	10000910 <recursive_mutex_init>
10001c4c:	42b4      	cmp	r4, r6
10001c4e:	d3f6      	bcc.n	10001c3e <runtime_init+0x5e>
10001c50:	4c1b      	ldr	r4, [pc, #108]	@ (10001cc0 <runtime_init+0xe0>)
10001c52:	4e1c      	ldr	r6, [pc, #112]	@ (10001cc4 <runtime_init+0xe4>)
10001c54:	22c0      	movs	r2, #192	@ 0xc0
10001c56:	68b1      	ldr	r1, [r6, #8]
10001c58:	0020      	movs	r0, r4
10001c5a:	f000 f999 	bl	10001f90 <__wrap___aeabi_memcpy>
10001c5e:	60b4      	str	r4, [r6, #8]
10001c60:	f7fe fc94 	bl	1000058c <spin_locks_reset>
10001c64:	f7fe fe2c 	bl	100008c0 <irq_init_priorities>
10001c68:	f7fe fff2 	bl	10000c50 <alarm_pool_init_default>
10001c6c:	4c16      	ldr	r4, [pc, #88]	@ (10001cc8 <runtime_init+0xe8>)
10001c6e:	4e17      	ldr	r6, [pc, #92]	@ (10001ccc <runtime_init+0xec>)
10001c70:	42b4      	cmp	r4, r6
10001c72:	d208      	bcs.n	10001c86 <runtime_init+0xa6>
10001c74:	3e01      	subs	r6, #1
10001c76:	1b36      	subs	r6, r6, r4
10001c78:	08b6      	lsrs	r6, r6, #2
10001c7a:	cc08      	ldmia	r4!, {r3}
10001c7c:	4798      	blx	r3
10001c7e:	002b      	movs	r3, r5
10001c80:	3501      	adds	r5, #1
10001c82:	429e      	cmp	r6, r3
10001c84:	d1f9      	bne.n	10001c7a <runtime_init+0x9a>
10001c86:	bd70      	pop	{r4, r5, r6, pc}
10001c88:	3408      	adds	r4, #8
10001c8a:	f7fe fe33 	bl	100008f4 <mutex_init>
10001c8e:	42b4      	cmp	r4, r6
10001c90:	d3d5      	bcc.n	10001c3e <runtime_init+0x5e>
10001c92:	e7dd      	b.n	10001c50 <runtime_init+0x70>
10001c94:	4000e000 	.word	0x4000e000
10001c98:	fefbcdbf 	.word	0xfefbcdbf
10001c9c:	003c7ffe 	.word	0x003c7ffe
10001ca0:	4000f000 	.word	0x4000f000
10001ca4:	4000c000 	.word	0x4000c000
10001ca8:	20000250 	.word	0x20000250
10001cac:	20000260 	.word	0x20000260
10001cb0:	01ffffff 	.word	0x01ffffff
10001cb4:	4001f000 	.word	0x4001f000
10001cb8:	20000248 	.word	0x20000248
10001cbc:	20000250 	.word	0x20000250
10001cc0:	20000000 	.word	0x20000000
10001cc4:	e000ed00 	.word	0xe000ed00
10001cc8:	20000260 	.word	0x20000260
10001ccc:	20000264 	.word	0x20000264

10001cd0 <_exit>:
10001cd0:	be00      	bkpt	0x0000
10001cd2:	e7fd      	b.n	10001cd0 <_exit>

10001cd4 <exit>:
10001cd4:	b510      	push	{r4, lr}
10001cd6:	f7ff fffb 	bl	10001cd0 <_exit>
10001cda:	46c0      	nop			@ (mov r8, r8)

10001cdc <panic>:
10001cdc:	b40f      	push	{r0, r1, r2, r3}
10001cde:	b500      	push	{lr}
10001ce0:	4808      	ldr	r0, [pc, #32]	@ (10001d04 <panic+0x28>)
10001ce2:	b083      	sub	sp, #12
10001ce4:	f000 f9f0 	bl	100020c8 <__wrap_puts>
10001ce8:	9b04      	ldr	r3, [sp, #16]
10001cea:	2b00      	cmp	r3, #0
10001cec:	d007      	beq.n	10001cfe <panic+0x22>
10001cee:	a905      	add	r1, sp, #20
10001cf0:	0018      	movs	r0, r3
10001cf2:	9101      	str	r1, [sp, #4]
10001cf4:	f000 f818 	bl	10001d28 <weak_raw_vprintf>
10001cf8:	4803      	ldr	r0, [pc, #12]	@ (10001d08 <panic+0x2c>)
10001cfa:	f000 f9e5 	bl	100020c8 <__wrap_puts>
10001cfe:	2001      	movs	r0, #1
10001d00:	f7ff ffe6 	bl	10001cd0 <_exit>
10001d04:	10002474 	.word	0x10002474
10001d08:	10002484 	.word	0x10002484

10001d0c <hard_assertion_failure>:
10001d0c:	b510      	push	{r4, lr}
10001d0e:	4801      	ldr	r0, [pc, #4]	@ (10001d14 <hard_assertion_failure+0x8>)
10001d10:	f7ff ffe4 	bl	10001cdc <panic>
10001d14:	10002488 	.word	0x10002488

10001d18 <_out_char>:
10001d18:	b510      	push	{r4, lr}
10001d1a:	2800      	cmp	r0, #0
10001d1c:	d100      	bne.n	10001d20 <_out_char+0x8>
10001d1e:	bd10      	pop	{r4, pc}
10001d20:	f000 f986 	bl	10002030 <__wrap_putchar>
10001d24:	e7fb      	b.n	10001d1e <_out_char+0x6>
10001d26:	46c0      	nop			@ (mov r8, r8)

10001d28 <weak_raw_vprintf>:
10001d28:	b510      	push	{r4, lr}
10001d2a:	4a09      	ldr	r2, [pc, #36]	@ (10001d50 <weak_raw_vprintf+0x28>)
10001d2c:	0003      	movs	r3, r0
10001d2e:	6814      	ldr	r4, [r2, #0]
10001d30:	b084      	sub	sp, #16
10001d32:	2c00      	cmp	r4, #0
10001d34:	d008      	beq.n	10001d48 <weak_raw_vprintf+0x20>
10001d36:	2201      	movs	r2, #1
10001d38:	9100      	str	r1, [sp, #0]
10001d3a:	4806      	ldr	r0, [pc, #24]	@ (10001d54 <weak_raw_vprintf+0x2c>)
10001d3c:	4252      	negs	r2, r2
10001d3e:	a903      	add	r1, sp, #12
10001d40:	47a0      	blx	r4
10001d42:	2001      	movs	r0, #1
10001d44:	b004      	add	sp, #16
10001d46:	bd10      	pop	{r4, pc}
10001d48:	f000 f9be 	bl	100020c8 <__wrap_puts>
10001d4c:	2000      	movs	r0, #0
10001d4e:	e7f9      	b.n	10001d44 <weak_raw_vprintf+0x1c>
10001d50:	200004f0 	.word	0x200004f0
10001d54:	10001d19 	.word	0x10001d19

10001d58 <__aeabi_bits_init>:
10001d58:	4801      	ldr	r0, [pc, #4]	@ (10001d60 <__aeabi_bits_init+0x8>)
10001d5a:	2104      	movs	r1, #4
10001d5c:	4b01      	ldr	r3, [pc, #4]	@ (10001d64 <__aeabi_bits_init+0xc>)
10001d5e:	4718      	bx	r3
10001d60:	20000210 	.word	0x20000210
10001d64:	10001d89 	.word	0x10001d89

10001d68 <rom_func_lookup>:
10001d68:	2314      	movs	r3, #20
10001d6a:	b510      	push	{r4, lr}
10001d6c:	0001      	movs	r1, r0
10001d6e:	8818      	ldrh	r0, [r3, #0]
10001d70:	3304      	adds	r3, #4
10001d72:	881b      	ldrh	r3, [r3, #0]
10001d74:	4798      	blx	r3
10001d76:	bd10      	pop	{r4, pc}

10001d78 <rom_data_lookup>:
10001d78:	2316      	movs	r3, #22
10001d7a:	b510      	push	{r4, lr}
10001d7c:	0001      	movs	r1, r0
10001d7e:	8818      	ldrh	r0, [r3, #0]
10001d80:	3302      	adds	r3, #2
10001d82:	881b      	ldrh	r3, [r3, #0]
10001d84:	4798      	blx	r3
10001d86:	bd10      	pop	{r4, pc}

10001d88 <rom_funcs_lookup>:
10001d88:	b5f8      	push	{r3, r4, r5, r6, r7, lr}
10001d8a:	4647      	mov	r7, r8
10001d8c:	46ce      	mov	lr, r9
10001d8e:	b580      	push	{r7, lr}
10001d90:	1e0f      	subs	r7, r1, #0
10001d92:	d019      	beq.n	10001dc8 <rom_funcs_lookup+0x40>
10001d94:	2314      	movs	r3, #20
10001d96:	4699      	mov	r9, r3
10001d98:	3304      	adds	r3, #4
10001d9a:	0004      	movs	r4, r0
10001d9c:	2500      	movs	r5, #0
10001d9e:	2601      	movs	r6, #1
10001da0:	4698      	mov	r8, r3
10001da2:	464b      	mov	r3, r9
10001da4:	8818      	ldrh	r0, [r3, #0]
10001da6:	4643      	mov	r3, r8
10001da8:	6821      	ldr	r1, [r4, #0]
10001daa:	881b      	ldrh	r3, [r3, #0]
10001dac:	4798      	blx	r3
10001dae:	c401      	stmia	r4!, {r0}
10001db0:	1e43      	subs	r3, r0, #1
10001db2:	4198      	sbcs	r0, r3
10001db4:	3501      	adds	r5, #1
10001db6:	4240      	negs	r0, r0
10001db8:	4006      	ands	r6, r0
10001dba:	42af      	cmp	r7, r5
10001dbc:	d1f1      	bne.n	10001da2 <rom_funcs_lookup+0x1a>
10001dbe:	0030      	movs	r0, r6
10001dc0:	bcc0      	pop	{r6, r7}
10001dc2:	46b9      	mov	r9, r7
10001dc4:	46b0      	mov	r8, r6
10001dc6:	bdf8      	pop	{r3, r4, r5, r6, r7, pc}
10001dc8:	2601      	movs	r6, #1
10001dca:	e7f8      	b.n	10001dbe <rom_funcs_lookup+0x36>

10001dcc <__wrap___aeabi_uidiv>:
10001dcc:	4a11      	ldr	r2, [pc, #68]	@ (10001e14 <divmod_u32u32_savestate+0x18>)
10001dce:	6f93      	ldr	r3, [r2, #120]	@ 0x78
10001dd0:	089b      	lsrs	r3, r3, #2
10001dd2:	d213      	bcs.n	10001dfc <divmod_u32u32_savestate>

10001dd4 <divmod_u32u32_unsafe>:
10001dd4:	6610      	str	r0, [r2, #96]	@ 0x60
10001dd6:	6651      	str	r1, [r2, #100]	@ 0x64
10001dd8:	2900      	cmp	r1, #0
10001dda:	d005      	beq.n	10001de8 <divmod_u32u32_unsafe+0x14>
10001ddc:	e7ff      	b.n	10001dde <divmod_u32u32_unsafe+0xa>
10001dde:	e7ff      	b.n	10001de0 <divmod_u32u32_unsafe+0xc>
10001de0:	e7ff      	b.n	10001de2 <divmod_u32u32_unsafe+0xe>
10001de2:	6f51      	ldr	r1, [r2, #116]	@ 0x74
10001de4:	6f10      	ldr	r0, [r2, #112]	@ 0x70
10001de6:	4770      	bx	lr
10001de8:	b504      	push	{r2, lr}
10001dea:	2800      	cmp	r0, #0
10001dec:	d001      	beq.n	10001df2 <divmod_u32u32_unsafe+0x1e>
10001dee:	2000      	movs	r0, #0
10001df0:	43c0      	mvns	r0, r0
10001df2:	f000 fb1d 	bl	10002430 <____aeabi_idiv0_veneer>
10001df6:	2100      	movs	r1, #0
10001df8:	bd04      	pop	{r2, pc}
10001dfa:	46c0      	nop			@ (mov r8, r8)

10001dfc <divmod_u32u32_savestate>:
10001dfc:	b5f0      	push	{r4, r5, r6, r7, lr}
10001dfe:	6e14      	ldr	r4, [r2, #96]	@ 0x60
10001e00:	6e55      	ldr	r5, [r2, #100]	@ 0x64
10001e02:	6f57      	ldr	r7, [r2, #116]	@ 0x74
10001e04:	6f16      	ldr	r6, [r2, #112]	@ 0x70
10001e06:	f7ff ffe5 	bl	10001dd4 <divmod_u32u32_unsafe>
10001e0a:	6614      	str	r4, [r2, #96]	@ 0x60
10001e0c:	6655      	str	r5, [r2, #100]	@ 0x64
10001e0e:	6757      	str	r7, [r2, #116]	@ 0x74
10001e10:	6716      	str	r6, [r2, #112]	@ 0x70
10001e12:	bdf0      	pop	{r4, r5, r6, r7, pc}
10001e14:	d0000000 	.word	0xd0000000

10001e18 <missing_double_func_shim>:
10001e18:	b510      	push	{r4, lr}
10001e1a:	4801      	ldr	r0, [pc, #4]	@ (10001e20 <missing_double_func_shim+0x8>)
10001e1c:	f7ff ff5e 	bl	10001cdc <panic>
10001e20:	10002494 	.word	0x10002494

10001e24 <__aeabi_double_init>:
10001e24:	2313      	movs	r3, #19
10001e26:	b570      	push	{r4, r5, r6, lr}
10001e28:	781d      	ldrb	r5, [r3, #0]
10001e2a:	2d01      	cmp	r5, #1
10001e2c:	d015      	beq.n	10001e5a <__aeabi_double_init+0x36>
10001e2e:	dd10      	ble.n	10001e52 <__aeabi_double_init+0x2e>
10001e30:	481b      	ldr	r0, [pc, #108]	@ (10001ea0 <__aeabi_double_init+0x7c>)
10001e32:	f7ff ffa1 	bl	10001d78 <rom_data_lookup>
10001e36:	4c1b      	ldr	r4, [pc, #108]	@ (10001ea4 <__aeabi_double_init+0x80>)
10001e38:	0001      	movs	r1, r0
10001e3a:	2280      	movs	r2, #128	@ 0x80
10001e3c:	0020      	movs	r0, r4
10001e3e:	f000 f8a7 	bl	10001f90 <__wrap___aeabi_memcpy>
10001e42:	2d02      	cmp	r5, #2
10001e44:	d006      	beq.n	10001e54 <__aeabi_double_init+0x30>
10001e46:	4818      	ldr	r0, [pc, #96]	@ (10001ea8 <__aeabi_double_init+0x84>)
10001e48:	f7ff ff8e 	bl	10001d68 <rom_func_lookup>
10001e4c:	4b17      	ldr	r3, [pc, #92]	@ (10001eac <__aeabi_double_init+0x88>)
10001e4e:	6018      	str	r0, [r3, #0]
10001e50:	bd70      	pop	{r4, r5, r6, pc}
10001e52:	4c14      	ldr	r4, [pc, #80]	@ (10001ea4 <__aeabi_double_init+0x80>)
10001e54:	4b16      	ldr	r3, [pc, #88]	@ (10001eb0 <__aeabi_double_init+0x8c>)
10001e56:	64a3      	str	r3, [r4, #72]	@ 0x48
10001e58:	e7f5      	b.n	10001e46 <__aeabi_double_init+0x22>
10001e5a:	4b16      	ldr	r3, [pc, #88]	@ (10001eb4 <__aeabi_double_init+0x90>)
10001e5c:	4c11      	ldr	r4, [pc, #68]	@ (10001ea4 <__aeabi_double_init+0x80>)
10001e5e:	6023      	str	r3, [r4, #0]
10001e60:	6063      	str	r3, [r4, #4]
10001e62:	60a3      	str	r3, [r4, #8]
10001e64:	60e3      	str	r3, [r4, #12]
10001e66:	6123      	str	r3, [r4, #16]
10001e68:	6163      	str	r3, [r4, #20]
10001e6a:	61a3      	str	r3, [r4, #24]
10001e6c:	61e3      	str	r3, [r4, #28]
10001e6e:	6223      	str	r3, [r4, #32]
10001e70:	6263      	str	r3, [r4, #36]	@ 0x24
10001e72:	62a3      	str	r3, [r4, #40]	@ 0x28
10001e74:	62e3      	str	r3, [r4, #44]	@ 0x2c
10001e76:	6323      	str	r3, [r4, #48]	@ 0x30
10001e78:	6363      	str	r3, [r4, #52]	@ 0x34
10001e7a:	63a3      	str	r3, [r4, #56]	@ 0x38
10001e7c:	63e3      	str	r3, [r4, #60]	@ 0x3c
10001e7e:	6423      	str	r3, [r4, #64]	@ 0x40
10001e80:	6463      	str	r3, [r4, #68]	@ 0x44
10001e82:	64a3      	str	r3, [r4, #72]	@ 0x48
10001e84:	64e3      	str	r3, [r4, #76]	@ 0x4c
10001e86:	6523      	str	r3, [r4, #80]	@ 0x50
10001e88:	6563      	str	r3, [r4, #84]	@ 0x54
10001e8a:	65a3      	str	r3, [r4, #88]	@ 0x58
10001e8c:	65e3      	str	r3, [r4, #92]	@ 0x5c
10001e8e:	6623      	str	r3, [r4, #96]	@ 0x60
10001e90:	6663      	str	r3, [r4, #100]	@ 0x64
10001e92:	66a3      	str	r3, [r4, #104]	@ 0x68
10001e94:	66e3      	str	r3, [r4, #108]	@ 0x6c
10001e96:	6723      	str	r3, [r4, #112]	@ 0x70
10001e98:	6763      	str	r3, [r4, #116]	@ 0x74
10001e9a:	67a3      	str	r3, [r4, #120]	@ 0x78
10001e9c:	67e3      	str	r3, [r4, #124]	@ 0x7c
10001e9e:	e7d9      	b.n	10001e54 <__aeabi_double_init+0x30>
10001ea0:	00004453 	.word	0x00004453
10001ea4:	20000390 	.word	0x20000390
10001ea8:	0000334c 	.word	0x0000334c
10001eac:	2000051c 	.word	0x2000051c
10001eb0:	10001eb9 	.word	0x10001eb9
10001eb4:	10001e19 	.word	0x10001e19

10001eb8 <double_table_shim_on_use_helper>:
10001eb8:	b507      	push	{r0, r1, r2, lr}
10001eba:	4660      	mov	r0, ip
10001ebc:	8801      	ldrh	r1, [r0, #0]
10001ebe:	0a0a      	lsrs	r2, r1, #8
10001ec0:	3002      	adds	r0, #2
10001ec2:	2adf      	cmp	r2, #223	@ 0xdf
10001ec4:	d1fa      	bne.n	10001ebc <double_table_shim_on_use_helper+0x4>
10001ec6:	b2c9      	uxtb	r1, r1
10001ec8:	0882      	lsrs	r2, r0, #2
10001eca:	d304      	bcc.n	10001ed6 <double_table_shim_on_use_helper+0x1e>
10001ecc:	8802      	ldrh	r2, [r0, #0]
10001ece:	8840      	ldrh	r0, [r0, #2]
10001ed0:	0400      	lsls	r0, r0, #16
10001ed2:	4310      	orrs	r0, r2
10001ed4:	e000      	b.n	10001ed8 <double_table_shim_on_use_helper+0x20>
10001ed6:	6800      	ldr	r0, [r0, #0]
10001ed8:	4a01      	ldr	r2, [pc, #4]	@ (10001ee0 <double_table_shim_on_use_helper+0x28>)
10001eda:	5050      	str	r0, [r2, r1]
10001edc:	9003      	str	r0, [sp, #12]
10001ede:	bd07      	pop	{r0, r1, r2, pc}
10001ee0:	20000390 	.word	0x20000390

10001ee4 <__wrap___aeabi_lmul>:
10001ee4:	4351      	muls	r1, r2
10001ee6:	4343      	muls	r3, r0
10001ee8:	18c9      	adds	r1, r1, r3
10001eea:	468c      	mov	ip, r1
10001eec:	0c11      	lsrs	r1, r2, #16
10001eee:	b283      	uxth	r3, r0
10001ef0:	434b      	muls	r3, r1
10001ef2:	b410      	push	{r4}
10001ef4:	0c04      	lsrs	r4, r0, #16
10001ef6:	4361      	muls	r1, r4
10001ef8:	b292      	uxth	r2, r2
10001efa:	b280      	uxth	r0, r0
10001efc:	4350      	muls	r0, r2
10001efe:	4362      	muls	r2, r4
10001f00:	041c      	lsls	r4, r3, #16
10001f02:	0c1b      	lsrs	r3, r3, #16
10001f04:	1900      	adds	r0, r0, r4
10001f06:	bc10      	pop	{r4}
10001f08:	4159      	adcs	r1, r3
10001f0a:	0413      	lsls	r3, r2, #16
10001f0c:	0c12      	lsrs	r2, r2, #16
10001f0e:	18c0      	adds	r0, r0, r3
10001f10:	4151      	adcs	r1, r2
10001f12:	4461      	add	r1, ip
10001f14:	4770      	bx	lr
	...

10001f18 <missing_float_func_shim>:
10001f18:	b510      	push	{r4, lr}
10001f1a:	4801      	ldr	r0, [pc, #4]	@ (10001f20 <missing_float_func_shim+0x8>)
10001f1c:	f7ff fede 	bl	10001cdc <panic>
10001f20:	100024ac 	.word	0x100024ac

10001f24 <__aeabi_float_init>:
10001f24:	2313      	movs	r3, #19
10001f26:	b510      	push	{r4, lr}
10001f28:	4810      	ldr	r0, [pc, #64]	@ (10001f6c <__aeabi_float_init+0x48>)
10001f2a:	781c      	ldrb	r4, [r3, #0]
10001f2c:	f7ff ff24 	bl	10001d78 <rom_data_lookup>
10001f30:	0001      	movs	r1, r0
10001f32:	2c01      	cmp	r4, #1
10001f34:	d00a      	beq.n	10001f4c <__aeabi_float_init+0x28>
10001f36:	dd03      	ble.n	10001f40 <__aeabi_float_init+0x1c>
10001f38:	2280      	movs	r2, #128	@ 0x80
10001f3a:	480d      	ldr	r0, [pc, #52]	@ (10001f70 <__aeabi_float_init+0x4c>)
10001f3c:	f000 f828 	bl	10001f90 <__wrap___aeabi_memcpy>
10001f40:	480c      	ldr	r0, [pc, #48]	@ (10001f74 <__aeabi_float_init+0x50>)
10001f42:	f7ff ff11 	bl	10001d68 <rom_func_lookup>
10001f46:	4b0c      	ldr	r3, [pc, #48]	@ (10001f78 <__aeabi_float_init+0x54>)
10001f48:	6018      	str	r0, [r3, #0]
10001f4a:	bd10      	pop	{r4, pc}
10001f4c:	4c08      	ldr	r4, [pc, #32]	@ (10001f70 <__aeabi_float_init+0x4c>)
10001f4e:	2254      	movs	r2, #84	@ 0x54
10001f50:	0020      	movs	r0, r4
10001f52:	f000 f81d 	bl	10001f90 <__wrap___aeabi_memcpy>
10001f56:	0022      	movs	r2, r4
10001f58:	4908      	ldr	r1, [pc, #32]	@ (10001f7c <__aeabi_float_init+0x58>)
10001f5a:	3280      	adds	r2, #128	@ 0x80
10001f5c:	6823      	ldr	r3, [r4, #0]
10001f5e:	2b00      	cmp	r3, #0
10001f60:	d100      	bne.n	10001f64 <__aeabi_float_init+0x40>
10001f62:	6021      	str	r1, [r4, #0]
10001f64:	3404      	adds	r4, #4
10001f66:	4294      	cmp	r4, r2
10001f68:	d1f8      	bne.n	10001f5c <__aeabi_float_init+0x38>
10001f6a:	e7e9      	b.n	10001f40 <__aeabi_float_init+0x1c>
10001f6c:	00004653 	.word	0x00004653
10001f70:	20000520 	.word	0x20000520
10001f74:	0000334c 	.word	0x0000334c
10001f78:	2000051c 	.word	0x2000051c
10001f7c:	10001f19 	.word	0x10001f19

10001f80 <__aeabi_mem_init>:
10001f80:	4801      	ldr	r0, [pc, #4]	@ (10001f88 <__aeabi_mem_init+0x8>)
10001f82:	2104      	movs	r1, #4
10001f84:	4b01      	ldr	r3, [pc, #4]	@ (10001f8c <__aeabi_mem_init+0xc>)
10001f86:	4718      	bx	r3
10001f88:	20000220 	.word	0x20000220
10001f8c:	10001d89 	.word	0x10001d89

10001f90 <__wrap___aeabi_memcpy>:
10001f90:	4b01      	ldr	r3, [pc, #4]	@ (10001f98 <__wrap___aeabi_memcpy+0x8>)
10001f92:	685b      	ldr	r3, [r3, #4]
10001f94:	4718      	bx	r3
10001f96:	0000      	.short	0x0000
10001f98:	20000220 	.word	0x20000220

10001f9c <stdio_out_chars_crlf>:
10001f9c:	b5f0      	push	{r4, r5, r6, r7, lr}
10001f9e:	46c6      	mov	lr, r8
10001fa0:	b500      	push	{lr}
10001fa2:	7d43      	ldrb	r3, [r0, #21]
10001fa4:	0007      	movs	r7, r0
10001fa6:	000d      	movs	r5, r1
10001fa8:	0016      	movs	r6, r2
10001faa:	2b00      	cmp	r3, #0
10001fac:	d038      	beq.n	10002020 <stdio_out_chars_crlf+0x84>
10001fae:	2a00      	cmp	r2, #0
10001fb0:	dd2e      	ble.n	10002010 <stdio_out_chars_crlf+0x74>
10001fb2:	2100      	movs	r1, #0
10001fb4:	1e6a      	subs	r2, r5, #1
10001fb6:	4690      	mov	r8, r2
10001fb8:	5c6a      	ldrb	r2, [r5, r1]
10001fba:	7d03      	ldrb	r3, [r0, #20]
10001fbc:	1c4c      	adds	r4, r1, #1
10001fbe:	2000      	movs	r0, #0
10001fc0:	2a0a      	cmp	r2, #10
10001fc2:	d00c      	beq.n	10001fde <stdio_out_chars_crlf+0x42>
10001fc4:	42a6      	cmp	r6, r4
10001fc6:	d016      	beq.n	10001ff6 <stdio_out_chars_crlf+0x5a>
10001fc8:	4643      	mov	r3, r8
10001fca:	5d1b      	ldrb	r3, [r3, r4]
10001fcc:	0021      	movs	r1, r4
10001fce:	3b0d      	subs	r3, #13
10001fd0:	425a      	negs	r2, r3
10001fd2:	4153      	adcs	r3, r2
10001fd4:	5c6a      	ldrb	r2, [r5, r1]
10001fd6:	b2db      	uxtb	r3, r3
10001fd8:	1c4c      	adds	r4, r1, #1
10001fda:	2a0a      	cmp	r2, #10
10001fdc:	d1f2      	bne.n	10001fc4 <stdio_out_chars_crlf+0x28>
10001fde:	2b00      	cmp	r3, #0
10001fe0:	d1f0      	bne.n	10001fc4 <stdio_out_chars_crlf+0x28>
10001fe2:	4288      	cmp	r0, r1
10001fe4:	db17      	blt.n	10002016 <stdio_out_chars_crlf+0x7a>
10001fe6:	2102      	movs	r1, #2
10001fe8:	4810      	ldr	r0, [pc, #64]	@ (1000202c <stdio_out_chars_crlf+0x90>)
10001fea:	683b      	ldr	r3, [r7, #0]
10001fec:	4798      	blx	r3
10001fee:	42a6      	cmp	r6, r4
10001ff0:	d007      	beq.n	10002002 <stdio_out_chars_crlf+0x66>
10001ff2:	0020      	movs	r0, r4
10001ff4:	e7e8      	b.n	10001fc8 <stdio_out_chars_crlf+0x2c>
10001ff6:	4286      	cmp	r6, r0
10001ff8:	dd03      	ble.n	10002002 <stdio_out_chars_crlf+0x66>
10001ffa:	1a31      	subs	r1, r6, r0
10001ffc:	683b      	ldr	r3, [r7, #0]
10001ffe:	1828      	adds	r0, r5, r0
10002000:	4798      	blx	r3
10002002:	19ad      	adds	r5, r5, r6
10002004:	3d01      	subs	r5, #1
10002006:	782b      	ldrb	r3, [r5, #0]
10002008:	3b0d      	subs	r3, #13
1000200a:	425a      	negs	r2, r3
1000200c:	4153      	adcs	r3, r2
1000200e:	753b      	strb	r3, [r7, #20]
10002010:	bc80      	pop	{r7}
10002012:	46b8      	mov	r8, r7
10002014:	bdf0      	pop	{r4, r5, r6, r7, pc}
10002016:	1a09      	subs	r1, r1, r0
10002018:	683b      	ldr	r3, [r7, #0]
1000201a:	1828      	adds	r0, r5, r0
1000201c:	4798      	blx	r3
1000201e:	e7e2      	b.n	10001fe6 <stdio_out_chars_crlf+0x4a>
10002020:	6803      	ldr	r3, [r0, #0]
10002022:	0011      	movs	r1, r2
10002024:	0028      	movs	r0, r5
10002026:	4798      	blx	r3
10002028:	e7f2      	b.n	10002010 <stdio_out_chars_crlf+0x74>
1000202a:	46c0      	nop			@ (mov r8, r8)
1000202c:	10002548 	.word	0x10002548

10002030 <__wrap_putchar>:
10002030:	b5f0      	push	{r4, r5, r6, r7, lr}
10002032:	46ce      	mov	lr, r9
10002034:	4647      	mov	r7, r8
10002036:	b580      	push	{r7, lr}
10002038:	b083      	sub	sp, #12
1000203a:	466b      	mov	r3, sp
1000203c:	0006      	movs	r6, r0
1000203e:	1ddd      	adds	r5, r3, #7
10002040:	7028      	strb	r0, [r5, #0]
10002042:	f7ff f847 	bl	100010d4 <time_us_64>
10002046:	2300      	movs	r3, #0
10002048:	4a1a      	ldr	r2, [pc, #104]	@ (100020b4 <__wrap_putchar+0x84>)
1000204a:	1812      	adds	r2, r2, r0
1000204c:	414b      	adcs	r3, r1
1000204e:	2180      	movs	r1, #128	@ 0x80
10002050:	0609      	lsls	r1, r1, #24
10002052:	428b      	cmp	r3, r1
10002054:	d302      	bcc.n	1000205c <__wrap_putchar+0x2c>
10002056:	2201      	movs	r2, #1
10002058:	4b17      	ldr	r3, [pc, #92]	@ (100020b8 <__wrap_putchar+0x88>)
1000205a:	4252      	negs	r2, r2
1000205c:	4917      	ldr	r1, [pc, #92]	@ (100020bc <__wrap_putchar+0x8c>)
1000205e:	0008      	movs	r0, r1
10002060:	4688      	mov	r8, r1
10002062:	f000 f9ed 	bl	10002440 <__mutex_try_enter_block_until_veneer>
10002066:	4b16      	ldr	r3, [pc, #88]	@ (100020c0 <__wrap_putchar+0x90>)
10002068:	4681      	mov	r9, r0
1000206a:	681c      	ldr	r4, [r3, #0]
1000206c:	2c00      	cmp	r4, #0
1000206e:	d014      	beq.n	1000209a <__wrap_putchar+0x6a>
10002070:	4f14      	ldr	r7, [pc, #80]	@ (100020c4 <__wrap_putchar+0x94>)
10002072:	e002      	b.n	1000207a <__wrap_putchar+0x4a>
10002074:	6924      	ldr	r4, [r4, #16]
10002076:	2c00      	cmp	r4, #0
10002078:	d00f      	beq.n	1000209a <__wrap_putchar+0x6a>
1000207a:	6823      	ldr	r3, [r4, #0]
1000207c:	2b00      	cmp	r3, #0
1000207e:	d0f9      	beq.n	10002074 <__wrap_putchar+0x44>
10002080:	683b      	ldr	r3, [r7, #0]
10002082:	2b00      	cmp	r3, #0
10002084:	d001      	beq.n	1000208a <__wrap_putchar+0x5a>
10002086:	42a3      	cmp	r3, r4
10002088:	d1f4      	bne.n	10002074 <__wrap_putchar+0x44>
1000208a:	0020      	movs	r0, r4
1000208c:	2201      	movs	r2, #1
1000208e:	0029      	movs	r1, r5
10002090:	f7ff ff84 	bl	10001f9c <stdio_out_chars_crlf>
10002094:	6924      	ldr	r4, [r4, #16]
10002096:	2c00      	cmp	r4, #0
10002098:	d1ef      	bne.n	1000207a <__wrap_putchar+0x4a>
1000209a:	464b      	mov	r3, r9
1000209c:	2b00      	cmp	r3, #0
1000209e:	d105      	bne.n	100020ac <__wrap_putchar+0x7c>
100020a0:	0030      	movs	r0, r6
100020a2:	b003      	add	sp, #12
100020a4:	bcc0      	pop	{r6, r7}
100020a6:	46b9      	mov	r9, r7
100020a8:	46b0      	mov	r8, r6
100020aa:	bdf0      	pop	{r4, r5, r6, r7, pc}
100020ac:	4640      	mov	r0, r8
100020ae:	f000 f9b7 	bl	10002420 <__mutex_exit_veneer>
100020b2:	e7f5      	b.n	100020a0 <__wrap_putchar+0x70>
100020b4:	000f4240 	.word	0x000f4240
100020b8:	7fffffff 	.word	0x7fffffff
100020bc:	20000248 	.word	0x20000248
100020c0:	200004e8 	.word	0x200004e8
100020c4:	200004ec 	.word	0x200004ec

100020c8 <__wrap_puts>:
100020c8:	b5f0      	push	{r4, r5, r6, r7, lr}
100020ca:	46de      	mov	lr, fp
100020cc:	4657      	mov	r7, sl
100020ce:	464e      	mov	r6, r9
100020d0:	4645      	mov	r5, r8
100020d2:	b5e0      	push	{r5, r6, r7, lr}
100020d4:	b085      	sub	sp, #20
100020d6:	0007      	movs	r7, r0
100020d8:	f000 f970 	bl	100023bc <strlen>
100020dc:	0006      	movs	r6, r0
100020de:	f7fe fff9 	bl	100010d4 <time_us_64>
100020e2:	2300      	movs	r3, #0
100020e4:	4a2b      	ldr	r2, [pc, #172]	@ (10002194 <__wrap_puts+0xcc>)
100020e6:	1812      	adds	r2, r2, r0
100020e8:	414b      	adcs	r3, r1
100020ea:	2180      	movs	r1, #128	@ 0x80
100020ec:	0609      	lsls	r1, r1, #24
100020ee:	428b      	cmp	r3, r1
100020f0:	d302      	bcc.n	100020f8 <__wrap_puts+0x30>
100020f2:	2201      	movs	r2, #1
100020f4:	4b28      	ldr	r3, [pc, #160]	@ (10002198 <__wrap_puts+0xd0>)
100020f6:	4252      	negs	r2, r2
100020f8:	4928      	ldr	r1, [pc, #160]	@ (1000219c <__wrap_puts+0xd4>)
100020fa:	0008      	movs	r0, r1
100020fc:	468b      	mov	fp, r1
100020fe:	f000 f99f 	bl	10002440 <__mutex_try_enter_block_until_veneer>
10002102:	4b27      	ldr	r3, [pc, #156]	@ (100021a0 <__wrap_puts+0xd8>)
10002104:	9001      	str	r0, [sp, #4]
10002106:	681c      	ldr	r4, [r3, #0]
10002108:	469a      	mov	sl, r3
1000210a:	2c00      	cmp	r4, #0
1000210c:	d03b      	beq.n	10002186 <__wrap_puts+0xbe>
1000210e:	4b25      	ldr	r3, [pc, #148]	@ (100021a4 <__wrap_puts+0xdc>)
10002110:	4698      	mov	r8, r3
10002112:	ab02      	add	r3, sp, #8
10002114:	1ddd      	adds	r5, r3, #7
10002116:	230a      	movs	r3, #10
10002118:	4699      	mov	r9, r3
1000211a:	e002      	b.n	10002122 <__wrap_puts+0x5a>
1000211c:	6924      	ldr	r4, [r4, #16]
1000211e:	2c00      	cmp	r4, #0
10002120:	d017      	beq.n	10002152 <__wrap_puts+0x8a>
10002122:	6823      	ldr	r3, [r4, #0]
10002124:	2b00      	cmp	r3, #0
10002126:	d0f9      	beq.n	1000211c <__wrap_puts+0x54>
10002128:	4643      	mov	r3, r8
1000212a:	681b      	ldr	r3, [r3, #0]
1000212c:	2b00      	cmp	r3, #0
1000212e:	d001      	beq.n	10002134 <__wrap_puts+0x6c>
10002130:	429c      	cmp	r4, r3
10002132:	d1f3      	bne.n	1000211c <__wrap_puts+0x54>
10002134:	0020      	movs	r0, r4
10002136:	0032      	movs	r2, r6
10002138:	0039      	movs	r1, r7
1000213a:	f7ff ff2f 	bl	10001f9c <stdio_out_chars_crlf>
1000213e:	464b      	mov	r3, r9
10002140:	0020      	movs	r0, r4
10002142:	2201      	movs	r2, #1
10002144:	0029      	movs	r1, r5
10002146:	702b      	strb	r3, [r5, #0]
10002148:	f7ff ff28 	bl	10001f9c <stdio_out_chars_crlf>
1000214c:	6924      	ldr	r4, [r4, #16]
1000214e:	2c00      	cmp	r4, #0
10002150:	d1e7      	bne.n	10002122 <__wrap_puts+0x5a>
10002152:	9b01      	ldr	r3, [sp, #4]
10002154:	2b00      	cmp	r3, #0
10002156:	d118      	bne.n	1000218a <__wrap_puts+0xc2>
10002158:	4653      	mov	r3, sl
1000215a:	681c      	ldr	r4, [r3, #0]
1000215c:	2c00      	cmp	r4, #0
1000215e:	d006      	beq.n	1000216e <__wrap_puts+0xa6>
10002160:	6863      	ldr	r3, [r4, #4]
10002162:	2b00      	cmp	r3, #0
10002164:	d00b      	beq.n	1000217e <__wrap_puts+0xb6>
10002166:	4798      	blx	r3
10002168:	6924      	ldr	r4, [r4, #16]
1000216a:	2c00      	cmp	r4, #0
1000216c:	d1f8      	bne.n	10002160 <__wrap_puts+0x98>
1000216e:	0030      	movs	r0, r6
10002170:	b005      	add	sp, #20
10002172:	bcf0      	pop	{r4, r5, r6, r7}
10002174:	46bb      	mov	fp, r7
10002176:	46b2      	mov	sl, r6
10002178:	46a9      	mov	r9, r5
1000217a:	46a0      	mov	r8, r4
1000217c:	bdf0      	pop	{r4, r5, r6, r7, pc}
1000217e:	6924      	ldr	r4, [r4, #16]
10002180:	2c00      	cmp	r4, #0
10002182:	d1ed      	bne.n	10002160 <__wrap_puts+0x98>
10002184:	e7f3      	b.n	1000216e <__wrap_puts+0xa6>
10002186:	2800      	cmp	r0, #0
10002188:	d0f1      	beq.n	1000216e <__wrap_puts+0xa6>
1000218a:	4658      	mov	r0, fp
1000218c:	f000 f948 	bl	10002420 <__mutex_exit_veneer>
10002190:	e7e2      	b.n	10002158 <__wrap_puts+0x90>
10002192:	46c0      	nop			@ (mov r8, r8)
10002194:	000f4240 	.word	0x000f4240
10002198:	7fffffff 	.word	0x7fffffff
1000219c:	20000248 	.word	0x20000248
100021a0:	200004e8 	.word	0x200004e8
100021a4:	200004ec 	.word	0x200004ec

100021a8 <stdio_set_driver_enabled>:
100021a8:	4a0a      	ldr	r2, [pc, #40]	@ (100021d4 <stdio_set_driver_enabled+0x2c>)
100021aa:	6813      	ldr	r3, [r2, #0]
100021ac:	2b00      	cmp	r3, #0
100021ae:	d105      	bne.n	100021bc <stdio_set_driver_enabled+0x14>
100021b0:	e00c      	b.n	100021cc <stdio_set_driver_enabled+0x24>
100021b2:	001a      	movs	r2, r3
100021b4:	691b      	ldr	r3, [r3, #16]
100021b6:	3210      	adds	r2, #16
100021b8:	2b00      	cmp	r3, #0
100021ba:	d007      	beq.n	100021cc <stdio_set_driver_enabled+0x24>
100021bc:	4298      	cmp	r0, r3
100021be:	d1f8      	bne.n	100021b2 <stdio_set_driver_enabled+0xa>
100021c0:	2900      	cmp	r1, #0
100021c2:	d102      	bne.n	100021ca <stdio_set_driver_enabled+0x22>
100021c4:	6903      	ldr	r3, [r0, #16]
100021c6:	6013      	str	r3, [r2, #0]
100021c8:	6101      	str	r1, [r0, #16]
100021ca:	4770      	bx	lr
100021cc:	2900      	cmp	r1, #0
100021ce:	d0fc      	beq.n	100021ca <stdio_set_driver_enabled+0x22>
100021d0:	6010      	str	r0, [r2, #0]
100021d2:	e7fa      	b.n	100021ca <stdio_set_driver_enabled+0x22>
100021d4:	200004e8 	.word	0x200004e8

100021d8 <stdio_init_all>:
100021d8:	b510      	push	{r4, lr}
100021da:	f000 f8cb 	bl	10002374 <stdio_uart_init>
100021de:	2001      	movs	r0, #1
100021e0:	bd10      	pop	{r4, pc}
100021e2:	46c0      	nop			@ (mov r8, r8)

100021e4 <stdio_uart_out_chars>:
100021e4:	b5f0      	push	{r4, r5, r6, r7, lr}
100021e6:	2900      	cmp	r1, #0
100021e8:	dd15      	ble.n	10002216 <stdio_uart_out_chars+0x32>
100021ea:	4b0e      	ldr	r3, [pc, #56]	@ (10002224 <stdio_uart_out_chars+0x40>)
100021ec:	270d      	movs	r7, #13
100021ee:	681a      	ldr	r2, [r3, #0]
100021f0:	4b0d      	ldr	r3, [pc, #52]	@ (10002228 <stdio_uart_out_chars+0x44>)
100021f2:	4c0e      	ldr	r4, [pc, #56]	@ (1000222c <stdio_uart_out_chars+0x48>)
100021f4:	18d3      	adds	r3, r2, r3
100021f6:	425d      	negs	r5, r3
100021f8:	416b      	adcs	r3, r5
100021fa:	1845      	adds	r5, r0, r1
100021fc:	2120      	movs	r1, #32
100021fe:	005b      	lsls	r3, r3, #1
10002200:	5f1e      	ldrsh	r6, [r3, r4]
10002202:	7804      	ldrb	r4, [r0, #0]
10002204:	42a6      	cmp	r6, r4
10002206:	d007      	beq.n	10002218 <stdio_uart_out_chars+0x34>
10002208:	6993      	ldr	r3, [r2, #24]
1000220a:	4219      	tst	r1, r3
1000220c:	d1fc      	bne.n	10002208 <stdio_uart_out_chars+0x24>
1000220e:	3001      	adds	r0, #1
10002210:	6014      	str	r4, [r2, #0]
10002212:	42a8      	cmp	r0, r5
10002214:	d1f5      	bne.n	10002202 <stdio_uart_out_chars+0x1e>
10002216:	bdf0      	pop	{r4, r5, r6, r7, pc}
10002218:	6993      	ldr	r3, [r2, #24]
1000221a:	4219      	tst	r1, r3
1000221c:	d1fc      	bne.n	10002218 <stdio_uart_out_chars+0x34>
1000221e:	6017      	str	r7, [r2, #0]
10002220:	e7f2      	b.n	10002208 <stdio_uart_out_chars+0x24>
10002222:	46c0      	nop			@ (mov r8, r8)
10002224:	20000638 	.word	0x20000638
10002228:	bffc8000 	.word	0xbffc8000
1000222c:	20000634 	.word	0x20000634

10002230 <stdio_uart_in_chars>:
10002230:	4b21      	ldr	r3, [pc, #132]	@ (100022b8 <stdio_uart_in_chars+0x88>)
10002232:	b570      	push	{r4, r5, r6, lr}
10002234:	0004      	movs	r4, r0
10002236:	1e0d      	subs	r5, r1, #0
10002238:	681e      	ldr	r6, [r3, #0]
1000223a:	dd2c      	ble.n	10002296 <stdio_uart_in_chars+0x66>
1000223c:	2000      	movs	r0, #0
1000223e:	2110      	movs	r1, #16
10002240:	4b1e      	ldr	r3, [pc, #120]	@ (100022bc <stdio_uart_in_chars+0x8c>)
10002242:	3c01      	subs	r4, #1
10002244:	681a      	ldr	r2, [r3, #0]
10002246:	6993      	ldr	r3, [r2, #24]
10002248:	4219      	tst	r1, r3
1000224a:	d115      	bne.n	10002278 <stdio_uart_in_chars+0x48>
1000224c:	3001      	adds	r0, #1
1000224e:	6993      	ldr	r3, [r2, #24]
10002250:	4219      	tst	r1, r3
10002252:	d1fc      	bne.n	1000224e <stdio_uart_in_chars+0x1e>
10002254:	6813      	ldr	r3, [r2, #0]
10002256:	5423      	strb	r3, [r4, r0]
10002258:	4285      	cmp	r5, r0
1000225a:	d1f4      	bne.n	10002246 <stdio_uart_in_chars+0x16>
1000225c:	2e00      	cmp	r6, #0
1000225e:	d009      	beq.n	10002274 <stdio_uart_in_chars+0x44>
10002260:	2350      	movs	r3, #80	@ 0x50
10002262:	2138      	movs	r1, #56	@ 0x38
10002264:	6393      	str	r3, [r2, #56]	@ 0x38
10002266:	6b53      	ldr	r3, [r2, #52]	@ 0x34
10002268:	3234      	adds	r2, #52	@ 0x34
1000226a:	4019      	ands	r1, r3
1000226c:	2380      	movs	r3, #128	@ 0x80
1000226e:	015b      	lsls	r3, r3, #5
10002270:	4313      	orrs	r3, r2
10002272:	6019      	str	r1, [r3, #0]
10002274:	0028      	movs	r0, r5
10002276:	e00d      	b.n	10002294 <stdio_uart_in_chars+0x64>
10002278:	2e00      	cmp	r6, #0
1000227a:	d009      	beq.n	10002290 <stdio_uart_in_chars+0x60>
1000227c:	2350      	movs	r3, #80	@ 0x50
1000227e:	2138      	movs	r1, #56	@ 0x38
10002280:	6393      	str	r3, [r2, #56]	@ 0x38
10002282:	6b53      	ldr	r3, [r2, #52]	@ 0x34
10002284:	3234      	adds	r2, #52	@ 0x34
10002286:	4019      	ands	r1, r3
10002288:	2380      	movs	r3, #128	@ 0x80
1000228a:	015b      	lsls	r3, r3, #5
1000228c:	431a      	orrs	r2, r3
1000228e:	6011      	str	r1, [r2, #0]
10002290:	2800      	cmp	r0, #0
10002292:	d00e      	beq.n	100022b2 <stdio_uart_in_chars+0x82>
10002294:	bd70      	pop	{r4, r5, r6, pc}
10002296:	2e00      	cmp	r6, #0
10002298:	d00b      	beq.n	100022b2 <stdio_uart_in_chars+0x82>
1000229a:	2250      	movs	r2, #80	@ 0x50
1000229c:	2138      	movs	r1, #56	@ 0x38
1000229e:	4b07      	ldr	r3, [pc, #28]	@ (100022bc <stdio_uart_in_chars+0x8c>)
100022a0:	681b      	ldr	r3, [r3, #0]
100022a2:	639a      	str	r2, [r3, #56]	@ 0x38
100022a4:	6b5a      	ldr	r2, [r3, #52]	@ 0x34
100022a6:	3334      	adds	r3, #52	@ 0x34
100022a8:	4011      	ands	r1, r2
100022aa:	2280      	movs	r2, #128	@ 0x80
100022ac:	0152      	lsls	r2, r2, #5
100022ae:	4313      	orrs	r3, r2
100022b0:	6019      	str	r1, [r3, #0]
100022b2:	2003      	movs	r0, #3
100022b4:	4240      	negs	r0, r0
100022b6:	e7ed      	b.n	10002294 <stdio_uart_in_chars+0x64>
100022b8:	200004a0 	.word	0x200004a0
100022bc:	20000638 	.word	0x20000638

100022c0 <on_uart_rx>:
100022c0:	4b06      	ldr	r3, [pc, #24]	@ (100022dc <on_uart_rx+0x1c>)
100022c2:	b510      	push	{r4, lr}
100022c4:	681b      	ldr	r3, [r3, #0]
100022c6:	2b00      	cmp	r3, #0
100022c8:	d006      	beq.n	100022d8 <on_uart_rx+0x18>
100022ca:	2100      	movs	r1, #0
100022cc:	4a04      	ldr	r2, [pc, #16]	@ (100022e0 <on_uart_rx+0x20>)
100022ce:	6812      	ldr	r2, [r2, #0]
100022d0:	6391      	str	r1, [r2, #56]	@ 0x38
100022d2:	4a04      	ldr	r2, [pc, #16]	@ (100022e4 <on_uart_rx+0x24>)
100022d4:	6810      	ldr	r0, [r2, #0]
100022d6:	4798      	blx	r3
100022d8:	bd10      	pop	{r4, pc}
100022da:	46c0      	nop			@ (mov r8, r8)
100022dc:	200004a0 	.word	0x200004a0
100022e0:	20000638 	.word	0x20000638
100022e4:	200004a4 	.word	0x200004a4

100022e8 <stdio_uart_set_chars_available_callback>:
100022e8:	4b1d      	ldr	r3, [pc, #116]	@ (10002360 <stdio_uart_set_chars_available_callback+0x78>)
100022ea:	b5f0      	push	{r4, r5, r6, r7, lr}
100022ec:	681a      	ldr	r2, [r3, #0]
100022ee:	46c6      	mov	lr, r8
100022f0:	4698      	mov	r8, r3
100022f2:	4b1c      	ldr	r3, [pc, #112]	@ (10002364 <stdio_uart_set_chars_available_callback+0x7c>)
100022f4:	000e      	movs	r6, r1
100022f6:	18d3      	adds	r3, r2, r3
100022f8:	4259      	negs	r1, r3
100022fa:	414b      	adcs	r3, r1
100022fc:	4f1a      	ldr	r7, [pc, #104]	@ (10002368 <stdio_uart_set_chars_available_callback+0x80>)
100022fe:	3314      	adds	r3, #20
10002300:	001c      	movs	r4, r3
10002302:	0005      	movs	r5, r0
10002304:	b500      	push	{lr}
10002306:	683b      	ldr	r3, [r7, #0]
10002308:	2800      	cmp	r0, #0
1000230a:	d007      	beq.n	1000231c <stdio_uart_set_chars_available_callback+0x34>
1000230c:	2b00      	cmp	r3, #0
1000230e:	d011      	beq.n	10002334 <stdio_uart_set_chars_available_callback+0x4c>
10002310:	4b16      	ldr	r3, [pc, #88]	@ (1000236c <stdio_uart_set_chars_available_callback+0x84>)
10002312:	603d      	str	r5, [r7, #0]
10002314:	601e      	str	r6, [r3, #0]
10002316:	bc80      	pop	{r7}
10002318:	46b8      	mov	r8, r7
1000231a:	bdf0      	pop	{r4, r5, r6, r7, pc}
1000231c:	2b00      	cmp	r3, #0
1000231e:	d0f7      	beq.n	10002310 <stdio_uart_set_chars_available_callback+0x28>
10002320:	6390      	str	r0, [r2, #56]	@ 0x38
10002322:	2100      	movs	r1, #0
10002324:	0020      	movs	r0, r4
10002326:	f7fe f94b 	bl	100005c0 <irq_set_enabled>
1000232a:	0020      	movs	r0, r4
1000232c:	4910      	ldr	r1, [pc, #64]	@ (10002370 <stdio_uart_set_chars_available_callback+0x88>)
1000232e:	f7fe f98b 	bl	10000648 <irq_remove_handler>
10002332:	e7ed      	b.n	10002310 <stdio_uart_set_chars_available_callback+0x28>
10002334:	0020      	movs	r0, r4
10002336:	490e      	ldr	r1, [pc, #56]	@ (10002370 <stdio_uart_set_chars_available_callback+0x88>)
10002338:	f7fe f95c 	bl	100005f4 <irq_set_exclusive_handler>
1000233c:	2101      	movs	r1, #1
1000233e:	0020      	movs	r0, r4
10002340:	f7fe f93e 	bl	100005c0 <irq_set_enabled>
10002344:	4643      	mov	r3, r8
10002346:	2250      	movs	r2, #80	@ 0x50
10002348:	2138      	movs	r1, #56	@ 0x38
1000234a:	681b      	ldr	r3, [r3, #0]
1000234c:	639a      	str	r2, [r3, #56]	@ 0x38
1000234e:	6b5a      	ldr	r2, [r3, #52]	@ 0x34
10002350:	3334      	adds	r3, #52	@ 0x34
10002352:	4011      	ands	r1, r2
10002354:	2280      	movs	r2, #128	@ 0x80
10002356:	0152      	lsls	r2, r2, #5
10002358:	4313      	orrs	r3, r2
1000235a:	6019      	str	r1, [r3, #0]
1000235c:	e7d8      	b.n	10002310 <stdio_uart_set_chars_available_callback+0x28>
1000235e:	46c0      	nop			@ (mov r8, r8)
10002360:	20000638 	.word	0x20000638
10002364:	bffc8000 	.word	0xbffc8000
10002368:	200004a0 	.word	0x200004a0
1000236c:	200004a4 	.word	0x200004a4
10002370:	100022c1 	.word	0x100022c1

10002374 <stdio_uart_init>:
10002374:	4b0c      	ldr	r3, [pc, #48]	@ (100023a8 <stdio_uart_init+0x34>)
10002376:	b510      	push	{r4, lr}
10002378:	781b      	ldrb	r3, [r3, #0]
1000237a:	4b0c      	ldr	r3, [pc, #48]	@ (100023ac <stdio_uart_init+0x38>)
1000237c:	4c0c      	ldr	r4, [pc, #48]	@ (100023b0 <stdio_uart_init+0x3c>)
1000237e:	781b      	ldrb	r3, [r3, #0]
10002380:	4b0c      	ldr	r3, [pc, #48]	@ (100023b4 <stdio_uart_init+0x40>)
10002382:	2102      	movs	r1, #2
10002384:	2000      	movs	r0, #0
10002386:	6023      	str	r3, [r4, #0]
10002388:	f7fe f8be 	bl	10000508 <gpio_set_function>
1000238c:	2102      	movs	r1, #2
1000238e:	2001      	movs	r0, #1
10002390:	f7fe f8ba 	bl	10000508 <gpio_set_function>
10002394:	21e1      	movs	r1, #225	@ 0xe1
10002396:	6820      	ldr	r0, [r4, #0]
10002398:	0249      	lsls	r1, r1, #9
1000239a:	f7ff f983 	bl	100016a4 <uart_init>
1000239e:	2101      	movs	r1, #1
100023a0:	4805      	ldr	r0, [pc, #20]	@ (100023b8 <stdio_uart_init+0x44>)
100023a2:	f7ff ff01 	bl	100021a8 <stdio_set_driver_enabled>
100023a6:	bd10      	pop	{r4, pc}
100023a8:	10002584 	.word	0x10002584
100023ac:	10002580 	.word	0x10002580
100023b0:	20000638 	.word	0x20000638
100023b4:	40034000 	.word	0x40034000
100023b8:	20000230 	.word	0x20000230

100023bc <strlen>:
100023bc:	b510      	push	{r4, lr}
100023be:	0783      	lsls	r3, r0, #30
100023c0:	d00a      	beq.n	100023d8 <strlen+0x1c>
100023c2:	0003      	movs	r3, r0
100023c4:	2103      	movs	r1, #3
100023c6:	e002      	b.n	100023ce <strlen+0x12>
100023c8:	3301      	adds	r3, #1
100023ca:	420b      	tst	r3, r1
100023cc:	d005      	beq.n	100023da <strlen+0x1e>
100023ce:	781a      	ldrb	r2, [r3, #0]
100023d0:	2a00      	cmp	r2, #0
100023d2:	d1f9      	bne.n	100023c8 <strlen+0xc>
100023d4:	1a18      	subs	r0, r3, r0
100023d6:	bd10      	pop	{r4, pc}
100023d8:	0003      	movs	r3, r0
100023da:	6819      	ldr	r1, [r3, #0]
100023dc:	4a0c      	ldr	r2, [pc, #48]	@ (10002410 <strlen+0x54>)
100023de:	4c0d      	ldr	r4, [pc, #52]	@ (10002414 <strlen+0x58>)
100023e0:	188a      	adds	r2, r1, r2
100023e2:	438a      	bics	r2, r1
100023e4:	4222      	tst	r2, r4
100023e6:	d10f      	bne.n	10002408 <strlen+0x4c>
100023e8:	6859      	ldr	r1, [r3, #4]
100023ea:	4a09      	ldr	r2, [pc, #36]	@ (10002410 <strlen+0x54>)
100023ec:	3304      	adds	r3, #4
100023ee:	188a      	adds	r2, r1, r2
100023f0:	438a      	bics	r2, r1
100023f2:	4222      	tst	r2, r4
100023f4:	d108      	bne.n	10002408 <strlen+0x4c>
100023f6:	6859      	ldr	r1, [r3, #4]
100023f8:	4a05      	ldr	r2, [pc, #20]	@ (10002410 <strlen+0x54>)
100023fa:	3304      	adds	r3, #4
100023fc:	188a      	adds	r2, r1, r2
100023fe:	438a      	bics	r2, r1
10002400:	4222      	tst	r2, r4
10002402:	d0f1      	beq.n	100023e8 <strlen+0x2c>
10002404:	e000      	b.n	10002408 <strlen+0x4c>
10002406:	3301      	adds	r3, #1
10002408:	781a      	ldrb	r2, [r3, #0]
1000240a:	2a00      	cmp	r2, #0
1000240c:	d1fb      	bne.n	10002406 <strlen+0x4a>
1000240e:	e7e1      	b.n	100023d4 <strlen+0x18>
10002410:	fefefeff 	.word	0xfefefeff
10002414:	80808080 	.word	0x80808080

10002418 <_fini>:
10002418:	b5f8      	push	{r3, r4, r5, r6, r7, lr}
1000241a:	46c0      	nop			@ (mov r8, r8)
1000241c:	0000      	movs	r0, r0
	...

10002420 <__mutex_exit_veneer>:
10002420:	b401      	push	{r0}
10002422:	4802      	ldr	r0, [pc, #8]	@ (1000242c <__mutex_exit_veneer+0xc>)
10002424:	4684      	mov	ip, r0
10002426:	bc01      	pop	{r0}
10002428:	4760      	bx	ip
1000242a:	bf00      	nop
1000242c:	2000015d 	.word	0x2000015d

10002430 <____aeabi_idiv0_veneer>:
10002430:	b401      	push	{r0}
10002432:	4802      	ldr	r0, [pc, #8]	@ (1000243c <____aeabi_idiv0_veneer+0xc>)
10002434:	4684      	mov	ip, r0
10002436:	bc01      	pop	{r0}
10002438:	4760      	bx	ip
1000243a:	bf00      	nop
1000243c:	20000185 	.word	0x20000185

10002440 <__mutex_try_enter_block_until_veneer>:
10002440:	b401      	push	{r0}
10002442:	4802      	ldr	r0, [pc, #8]	@ (1000244c <__mutex_try_enter_block_until_veneer+0xc>)
10002444:	4684      	mov	ip, r0
10002446:	bc01      	pop	{r0}
10002448:	4760      	bx	ip
1000244a:	bf00      	nop
1000244c:	200000c1 	.word	0x200000c1

Disassembly of section .data:

200000c0 <mutex_try_enter_block_until>:
200000c0:	b5f0      	push	{r4, r5, r6, r7, lr}
200000c2:	46c6      	mov	lr, r8
200000c4:	0015      	movs	r5, r2
200000c6:	b500      	push	{lr}
200000c8:	0004      	movs	r4, r0
200000ca:	001e      	movs	r6, r3
200000cc:	6802      	ldr	r2, [r0, #0]
200000ce:	f3ef 8110 	mrs	r1, PRIMASK
200000d2:	b672      	cpsid	i
200000d4:	6813      	ldr	r3, [r2, #0]
200000d6:	2b00      	cmp	r3, #0
200000d8:	d0fc      	beq.n	200000d4 <mutex_try_enter_block_until+0x14>
200000da:	f3bf 8f5f 	dmb	sy
200000de:	2304      	movs	r3, #4
200000e0:	56e3      	ldrsb	r3, [r4, r3]
200000e2:	2b00      	cmp	r3, #0
200000e4:	db2d      	blt.n	20000142 <mutex_try_enter_block_until+0x82>
200000e6:	6822      	ldr	r2, [r4, #0]
200000e8:	f3bf 8f5f 	dmb	sy
200000ec:	2000      	movs	r0, #0
200000ee:	6010      	str	r0, [r2, #0]
200000f0:	f381 8810 	msr	PRIMASK, r1
200000f4:	22d0      	movs	r2, #208	@ 0xd0
200000f6:	0612      	lsls	r2, r2, #24
200000f8:	7812      	ldrb	r2, [r2, #0]
200000fa:	b252      	sxtb	r2, r2
200000fc:	4690      	mov	r8, r2
200000fe:	429a      	cmp	r2, r3
20000100:	d103      	bne.n	2000010a <mutex_try_enter_block_until+0x4a>
20000102:	2000      	movs	r0, #0
20000104:	bc80      	pop	{r7}
20000106:	46b8      	mov	r8, r7
20000108:	bdf0      	pop	{r4, r5, r6, r7, pc}
2000010a:	2700      	movs	r7, #0
2000010c:	e00b      	b.n	20000126 <mutex_try_enter_block_until+0x66>
2000010e:	6823      	ldr	r3, [r4, #0]
20000110:	f3bf 8f5f 	dmb	sy
20000114:	601f      	str	r7, [r3, #0]
20000116:	f381 8810 	msr	PRIMASK, r1
2000011a:	0028      	movs	r0, r5
2000011c:	0031      	movs	r1, r6
2000011e:	f000 f833 	bl	20000188 <__best_effort_wfe_or_timeout_veneer>
20000122:	2800      	cmp	r0, #0
20000124:	d1ed      	bne.n	20000102 <mutex_try_enter_block_until+0x42>
20000126:	6822      	ldr	r2, [r4, #0]
20000128:	f3ef 8110 	mrs	r1, PRIMASK
2000012c:	b672      	cpsid	i
2000012e:	6813      	ldr	r3, [r2, #0]
20000130:	2b00      	cmp	r3, #0
20000132:	d0fc      	beq.n	2000012e <mutex_try_enter_block_until+0x6e>
20000134:	f3bf 8f5f 	dmb	sy
20000138:	7923      	ldrb	r3, [r4, #4]
2000013a:	2b7f      	cmp	r3, #127	@ 0x7f
2000013c:	d9e7      	bls.n	2000010e <mutex_try_enter_block_until+0x4e>
2000013e:	4643      	mov	r3, r8
20000140:	e002      	b.n	20000148 <mutex_try_enter_block_until+0x88>
20000142:	23d0      	movs	r3, #208	@ 0xd0
20000144:	061b      	lsls	r3, r3, #24
20000146:	681b      	ldr	r3, [r3, #0]
20000148:	7123      	strb	r3, [r4, #4]
2000014a:	6823      	ldr	r3, [r4, #0]
2000014c:	f3bf 8f5f 	dmb	sy
20000150:	2200      	movs	r2, #0
20000152:	601a      	str	r2, [r3, #0]
20000154:	f381 8810 	msr	PRIMASK, r1
20000158:	2001      	movs	r0, #1
2000015a:	e7d3      	b.n	20000104 <mutex_try_enter_block_until+0x44>

2000015c <mutex_exit>:
2000015c:	6802      	ldr	r2, [r0, #0]
2000015e:	f3ef 8110 	mrs	r1, PRIMASK
20000162:	b672      	cpsid	i
20000164:	6813      	ldr	r3, [r2, #0]
20000166:	2b00      	cmp	r3, #0
20000168:	d0fc      	beq.n	20000164 <mutex_exit+0x8>
2000016a:	f3bf 8f5f 	dmb	sy
2000016e:	23ff      	movs	r3, #255	@ 0xff
20000170:	7103      	strb	r3, [r0, #4]
20000172:	6803      	ldr	r3, [r0, #0]
20000174:	f3bf 8f5f 	dmb	sy
20000178:	2200      	movs	r2, #0
2000017a:	601a      	str	r2, [r3, #0]
2000017c:	f381 8810 	msr	PRIMASK, r1
20000180:	bf40      	sev
20000182:	4770      	bx	lr

20000184 <__aeabi_idiv0>:
20000184:	4770      	bx	lr
20000186:	46c0      	nop			@ (mov r8, r8)

20000188 <__best_effort_wfe_or_timeout_veneer>:
20000188:	b401      	push	{r0}
2000018a:	4802      	ldr	r0, [pc, #8]	@ (20000194 <__best_effort_wfe_or_timeout_veneer+0xc>)
2000018c:	4684      	mov	ip, r0
2000018e:	bc01      	pop	{r0}
20000190:	4760      	bx	ip
20000192:	bf00      	nop
20000194:	10000f35 	.word	0x10000f35

20000198 <striped_spin_lock_num>:
20000198:	00000010                                ....

2000019c <irq_handler_chain_slots>:
2000019c:	00000000 	.word	0x00000000
200001a0:	00010000 	.word	0x00010000
	...
200001ac:	00020000 	.word	0x00020000
	...
200001b8:	00030000 	.word	0x00030000
	...
200001c4:	00ff0000 	.word	0x00ff0000
200001c8:	00000000 	.word	0x00000000

200001cc <irq_handler_chain_first_slot>:
200001cc:	b501      	push	{r0, lr}
200001ce:	6848      	ldr	r0, [r1, #4]
200001d0:	3101      	adds	r1, #1
200001d2:	468e      	mov	lr, r1
200001d4:	4700      	bx	r0

200001d6 <irq_handler_chain_remove_tail>:
200001d6:	4670      	mov	r0, lr
200001d8:	3809      	subs	r0, #9
200001da:	4901      	ldr	r1, [pc, #4]	@ (200001e0 <irq_handler_chain_remove_tail+0xa>)
200001dc:	4788      	blx	r1
200001de:	bd01      	pop	{r0, pc}
200001e0:	1000080d 	.word	0x1000080d

200001e4 <default_alarm_pool>:
200001e4:	200001fc 00000000 20000290 200004a8     ... ....... ... 
	...

200001fc <default_alarm_pool_heap>:
200001fc:	200004b8 00000000 00000000 00000010     ... ............
2000020c:	00000000                                ....

20000210 <aeabi_bits_funcs>:
20000210:	00003350 	.word	0x00003350
20000214:	0000334c 	.word	0x0000334c
20000218:	00003354 	.word	0x00003354
2000021c:	00003352 	.word	0x00003352

20000220 <aeabi_bits_funcs_end>:
20000220:	0000534d 	.word	0x0000534d
20000224:	0000434d 	.word	0x0000434d
20000228:	00003453 	.word	0x00003453
2000022c:	00003443 	.word	0x00003443

20000230 <stdio_uart>:
20000230:	100021e5 00000000 10002231 100022e9     .!......1"..."..
20000240:	00000000 00000100                       ........

20000248 <print_mutex>:
	...

20000250 <__mutex_array_end>:
20000250:	10001f81 	.word	0x10001f81
20000254:	10001d59 	.word	0x10001d59
20000258:	10001e25 	.word	0x10001e25
2000025c:	10001f25 	.word	0x10001f25

20000260 <__frame_dummy_init_array_entry>:
20000260:	100002e5                                ....
